,Partij,Datum,Zetel_nr,Kleur,Zetel_aantal,Tekst
0,PVV,2024-02-26,1,#1c3456,49,PVV peilde op 2024-02-27 op 49 zetels.
1,PVV,2024-02-26,2,#1c3456,49,PVV peilde op 2024-02-27 op 49 zetels.
2,PVV,2024-02-26,3,#1c3456,49,PVV peilde op 2024-02-27 op 49 zetels.
3,PVV,2024-02-26,4,#1c3456,49,PVV peilde op 2024-02-27 op 49 zetels.
4,PVV,2024-02-26,5,#1c3456,49,PVV peilde op 2024-02-27 op 49 zetels.
5,PVV,2024-02-26,6,#1c3456,49,PVV peilde op 2024-02-27 op 49 zetels.
6,PVV,2024-02-26,7,#1c3456,49,PVV peilde op 2024-02-27 op 49 zetels.
7,PVV,2024-02-26,8,#1c3456,49,PVV peilde op 2024-02-27 op 49 zetels.
8,PVV,2024-02-26,9,#1c3456,49,PVV peilde op 2024-02-27 op 49 zetels.
9,PVV,2024-02-26,10,#1c3456,49,PVV peilde op 2024-02-27 op 49 zetels.
10,PVV,2024-02-26,11,#1c3456,49,PVV peilde op 2024-02-27 op 49 zetels.
11,PVV,2024-02-26,12,#1c3456,49,PVV peilde op 2024-02-27 op 49 zetels.
12,PVV,2024-02-26,13,#1c3456,49,PVV peilde op 2024-02-27 op 49 zetels.
13,PVV,2024-02-26,14,#1c3456,49,PVV peilde op 2024-02-27 op 49 zetels.
14,PVV,2024-02-26,15,#1c3456,49,PVV peilde op 2024-02-27 op 49 zetels.
15,PVV,2024-02-26,16,#1c3456,49,PVV peilde op 2024-02-27 op 49 zetels.
16,PVV,2024-02-26,17,#1c3456,49,PVV peilde op 2024-02-27 op 49 zetels.
17,PVV,2024-02-26,18,#1c3456,49,PVV peilde op 2024-02-27 op 49 zetels.
18,PVV,2024-02-26,19,#1c3456,49,PVV peilde op 2024-02-27 op 49 zetels.
19,PVV,2024-02-26,20,#1c3456,49,PVV peilde op 2024-02-27 op 49 zetels.
20,PVV,2024-02-26,21,#1c3456,49,PVV peilde op 2024-02-27 op 49 zetels.
21,PVV,2024-02-26,22,#1c3456,49,PVV peilde op 2024-02-27 op 49 zetels.
22,PVV,2024-02-26,23,#1c3456,49,PVV peilde op 2024-02-27 op 49 zetels.
23,PVV,2024-02-26,24,#1c3456,49,PVV peilde op 2024-02-27 op 49 zetels.
24,PVV,2024-02-26,25,#1c3456,49,PVV peilde op 2024-02-27 op 49 zetels.
25,PVV,2024-02-26,26,#1c3456,49,PVV peilde op 2024-02-27 op 49 zetels.
26,PVV,2024-02-26,27,#1c3456,49,PVV peilde op 2024-02-27 op 49 zetels.
27,PVV,2024-02-26,28,#1c3456,49,PVV peilde op 2024-02-27 op 49 zetels.
28,PVV,2024-02-26,29,#1c3456,49,PVV peilde op 2024-02-27 op 49 zetels.
29,PVV,2024-02-26,30,#1c3456,49,PVV peilde op 2024-02-27 op 49 zetels.
30,PVV,2024-02-26,31,#1c3456,49,PVV peilde op 2024-02-27 op 49 zetels.
31,PVV,2024-02-26,32,#1c3456,49,PVV peilde op 2024-02-27 op 49 zetels.
32,PVV,2024-02-26,33,#1c3456,49,PVV peilde op 2024-02-27 op 49 zetels.
33,PVV,2024-02-26,34,#1c3456,49,PVV peilde op 2024-02-27 op 49 zetels.
34,PVV,2024-02-26,35,#1c3456,49,PVV peilde op 2024-02-27 op 49 zetels.
35,PVV,2024-02-26,36,#1c3456,49,PVV peilde op 2024-02-27 op 49 zetels.
36,PVV,2024-02-26,37,#1c3456,49,PVV peilde op 2024-02-27 op 49 zetels.
37,PVV,2024-02-26,38,#1c3456,49,PVV peilde op 2024-02-27 op 49 zetels.
38,PVV,2024-02-26,39,#1c3456,49,PVV peilde op 2024-02-27 op 49 zetels.
39,PVV,2024-02-26,40,#1c3456,49,PVV peilde op 2024-02-27 op 49 zetels.
40,PVV,2024-02-26,41,#1c3456,49,PVV peilde op 2024-02-27 op 49 zetels.
41,PVV,2024-02-26,42,#1c3456,49,PVV peilde op 2024-02-27 op 49 zetels.
42,PVV,2024-02-26,43,#1c3456,49,PVV peilde op 2024-02-27 op 49 zetels.
43,PVV,2024-02-26,44,#1c3456,49,PVV peilde op 2024-02-27 op 49 zetels.
44,PVV,2024-02-26,45,#1c3456,49,PVV peilde op 2024-02-27 op 49 zetels.
45,PVV,2024-02-26,46,#1c3456,49,PVV peilde op 2024-02-27 op 49 zetels.
46,PVV,2024-02-26,47,#1c3456,49,PVV peilde op 2024-02-27 op 49 zetels.
47,PVV,2024-02-26,48,#1c3456,49,PVV peilde op 2024-02-27 op 49 zetels.
48,PVV,2024-02-26,49,#1c3456,49,PVV peilde op 2024-02-27 op 49 zetels.
49,GL/PvdA,2024-02-26,50,#DF111A,25,GL/PvdA peilde op 2024-02-27 op 25 zetels.
50,GL/PvdA,2024-02-27,1,#DF111A,25,GL/PvdA peilde op 2024-02-27 op 25 zetels.
51,GL/PvdA,2024-02-27,2,#DF111A,25,GL/PvdA peilde op 2024-02-27 op 25 zetels.
52,GL/PvdA,2024-02-27,3,#DF111A,25,GL/PvdA peilde op 2024-02-27 op 25 zetels.
53,GL/PvdA,2024-02-27,4,#DF111A,25,GL/PvdA peilde op 2024-02-27 op 25 zetels.
54,GL/PvdA,2024-02-27,5,#DF111A,25,GL/PvdA peilde op 2024-02-27 op 25 zetels.
55,GL/PvdA,2024-02-27,6,#DF111A,25,GL/PvdA peilde op 2024-02-27 op 25 zetels.
56,GL/PvdA,2024-02-27,7,#DF111A,25,GL/PvdA peilde op 2024-02-27 op 25 zetels.
57,GL/PvdA,2024-02-27,8,#DF111A,25,GL/PvdA peilde op 2024-02-27 op 25 zetels.
58,GL/PvdA,2024-02-27,9,#DF111A,25,GL/PvdA peilde op 2024-02-27 op 25 zetels.
59,GL/PvdA,2024-02-27,10,#DF111A,25,GL/PvdA peilde op 2024-02-27 op 25 zetels.
60,GL/PvdA,2024-02-27,11,#DF111A,25,GL/PvdA peilde op 2024-02-27 op 25 zetels.
61,GL/PvdA,2024-02-27,12,#DF111A,25,GL/PvdA peilde op 2024-02-27 op 25 zetels.
62,GL/PvdA,2024-02-27,13,#DF111A,25,GL/PvdA peilde op 2024-02-27 op 25 zetels.
63,GL/PvdA,2024-02-27,14,#DF111A,25,GL/PvdA peilde op 2024-02-27 op 25 zetels.
64,GL/PvdA,2024-02-27,15,#DF111A,25,GL/PvdA peilde op 2024-02-27 op 25 zetels.
65,GL/PvdA,2024-02-27,16,#DF111A,25,GL/PvdA peilde op 2024-02-27 op 25 zetels.
66,GL/PvdA,2024-02-27,17,#DF111A,25,GL/PvdA peilde op 2024-02-27 op 25 zetels.
67,GL/PvdA,2024-02-27,18,#DF111A,25,GL/PvdA peilde op 2024-02-27 op 25 zetels.
68,GL/PvdA,2024-02-27,19,#DF111A,25,GL/PvdA peilde op 2024-02-27 op 25 zetels.
69,GL/PvdA,2024-02-27,20,#DF111A,25,GL/PvdA peilde op 2024-02-27 op 25 zetels.
70,GL/PvdA,2024-02-27,21,#DF111A,25,GL/PvdA peilde op 2024-02-27 op 25 zetels.
71,GL/PvdA,2024-02-27,22,#DF111A,25,GL/PvdA peilde op 2024-02-27 op 25 zetels.
72,GL/PvdA,2024-02-27,23,#DF111A,25,GL/PvdA peilde op 2024-02-27 op 25 zetels.
73,GL/PvdA,2024-02-27,24,#DF111A,25,GL/PvdA peilde op 2024-02-27 op 25 zetels.
74,VVD,2024-02-27,25,#0A2CCA,19,VVD peilde op 2024-02-27 op 19 zetels.
75,VVD,2024-02-27,26,#0A2CCA,19,VVD peilde op 2024-02-27 op 19 zetels.
76,VVD,2024-02-27,27,#0A2CCA,19,VVD peilde op 2024-02-27 op 19 zetels.
77,VVD,2024-02-27,28,#0A2CCA,19,VVD peilde op 2024-02-27 op 19 zetels.
78,VVD,2024-02-27,29,#0A2CCA,19,VVD peilde op 2024-02-27 op 19 zetels.
79,VVD,2024-02-27,30,#0A2CCA,19,VVD peilde op 2024-02-27 op 19 zetels.
80,VVD,2024-02-27,31,#0A2CCA,19,VVD peilde op 2024-02-27 op 19 zetels.
81,VVD,2024-02-27,32,#0A2CCA,19,VVD peilde op 2024-02-27 op 19 zetels.
82,VVD,2024-02-27,33,#0A2CCA,19,VVD peilde op 2024-02-27 op 19 zetels.
83,VVD,2024-02-27,34,#0A2CCA,19,VVD peilde op 2024-02-27 op 19 zetels.
84,VVD,2024-02-27,35,#0A2CCA,19,VVD peilde op 2024-02-27 op 19 zetels.
85,VVD,2024-02-27,36,#0A2CCA,19,VVD peilde op 2024-02-27 op 19 zetels.
86,VVD,2024-02-27,37,#0A2CCA,19,VVD peilde op 2024-02-27 op 19 zetels.
87,VVD,2024-02-27,38,#0A2CCA,19,VVD peilde op 2024-02-27 op 19 zetels.
88,VVD,2024-02-27,39,#0A2CCA,19,VVD peilde op 2024-02-27 op 19 zetels.
89,VVD,2024-02-27,40,#0A2CCA,19,VVD peilde op 2024-02-27 op 19 zetels.
90,VVD,2024-02-27,41,#0A2CCA,19,VVD peilde op 2024-02-27 op 19 zetels.
91,VVD,2024-02-27,42,#0A2CCA,19,VVD peilde op 2024-02-27 op 19 zetels.
92,VVD,2024-02-27,43,#0A2CCA,19,VVD peilde op 2024-02-27 op 19 zetels.
93,NSC,2024-02-27,44,#13133a,11,NSC peilde op 2024-02-27 op 11 zetels.
94,NSC,2024-02-27,45,#13133a,11,NSC peilde op 2024-02-27 op 11 zetels.
95,NSC,2024-02-27,46,#13133a,11,NSC peilde op 2024-02-27 op 11 zetels.
96,NSC,2024-02-27,47,#13133a,11,NSC peilde op 2024-02-27 op 11 zetels.
97,NSC,2024-02-27,48,#13133a,11,NSC peilde op 2024-02-27 op 11 zetels.
98,NSC,2024-02-27,49,#13133a,11,NSC peilde op 2024-02-27 op 11 zetels.
99,NSC,2024-02-27,50,#13133a,11,NSC peilde op 2024-02-27 op 11 zetels.
100,NSC,2024-02-28,1,#13133a,11,NSC peilde op 2024-02-27 op 11 zetels.
101,NSC,2024-02-28,2,#13133a,11,NSC peilde op 2024-02-27 op 11 zetels.
102,NSC,2024-02-28,3,#13133a,11,NSC peilde op 2024-02-27 op 11 zetels.
103,NSC,2024-02-28,4,#13133a,11,NSC peilde op 2024-02-27 op 11 zetels.
104,D66,2024-02-28,5,#19ad47,11,D66 peilde op 2024-02-27 op 11 zetels.
105,D66,2024-02-28,6,#19ad47,11,D66 peilde op 2024-02-27 op 11 zetels.
106,D66,2024-02-28,7,#19ad47,11,D66 peilde op 2024-02-27 op 11 zetels.
107,D66,2024-02-28,8,#19ad47,11,D66 peilde op 2024-02-27 op 11 zetels.
108,D66,2024-02-28,9,#19ad47,11,D66 peilde op 2024-02-27 op 11 zetels.
109,D66,2024-02-28,10,#19ad47,11,D66 peilde op 2024-02-27 op 11 zetels.
110,D66,2024-02-28,11,#19ad47,11,D66 peilde op 2024-02-27 op 11 zetels.
111,D66,2024-02-28,12,#19ad47,11,D66 peilde op 2024-02-27 op 11 zetels.
112,D66,2024-02-28,13,#19ad47,11,D66 peilde op 2024-02-27 op 11 zetels.
113,D66,2024-02-28,14,#19ad47,11,D66 peilde op 2024-02-27 op 11 zetels.
114,D66,2024-02-28,15,#19ad47,11,D66 peilde op 2024-02-27 op 11 zetels.
115,BBB,2024-02-28,16,#c0e231,8,BBB peilde op 2024-02-27 op 8 zetels.
116,BBB,2024-02-28,17,#c0e231,8,BBB peilde op 2024-02-27 op 8 zetels.
117,BBB,2024-02-28,18,#c0e231,8,BBB peilde op 2024-02-27 op 8 zetels.
118,BBB,2024-02-28,19,#c0e231,8,BBB peilde op 2024-02-27 op 8 zetels.
119,BBB,2024-02-28,20,#c0e231,8,BBB peilde op 2024-02-27 op 8 zetels.
120,BBB,2024-02-28,21,#c0e231,8,BBB peilde op 2024-02-27 op 8 zetels.
121,BBB,2024-02-28,22,#c0e231,8,BBB peilde op 2024-02-27 op 8 zetels.
122,BBB,2024-02-28,23,#c0e231,8,BBB peilde op 2024-02-27 op 8 zetels.
123,CDA,2024-02-28,24,#2cc84d,6,CDA peilde op 2024-02-27 op 6 zetels.
124,CDA,2024-02-28,25,#2cc84d,6,CDA peilde op 2024-02-27 op 6 zetels.
125,CDA,2024-02-28,26,#2cc84d,6,CDA peilde op 2024-02-27 op 6 zetels.
126,CDA,2024-02-28,27,#2cc84d,6,CDA peilde op 2024-02-27 op 6 zetels.
127,CDA,2024-02-28,28,#2cc84d,6,CDA peilde op 2024-02-27 op 6 zetels.
128,CDA,2024-02-28,29,#2cc84d,6,CDA peilde op 2024-02-27 op 6 zetels.
129,SP,2024-02-28,30,#ea202d,3,SP peilde op 2024-02-27 op 3 zetels.
130,SP,2024-02-28,31,#ea202d,3,SP peilde op 2024-02-27 op 3 zetels.
131,SP,2024-02-28,32,#ea202d,3,SP peilde op 2024-02-27 op 3 zetels.
132,Denk,2024-02-28,33,#1db7b1,4,Denk peilde op 2024-02-27 op 4 zetels.
133,Denk,2024-02-28,34,#1db7b1,4,Denk peilde op 2024-02-27 op 4 zetels.
134,Denk,2024-02-28,35,#1db7b1,4,Denk peilde op 2024-02-27 op 4 zetels.
135,Denk,2024-02-28,36,#1db7b1,4,Denk peilde op 2024-02-27 op 4 zetels.
136,PvdD,2024-02-28,37,#0d733e,4,PvdD peilde op 2024-02-27 op 4 zetels.
137,PvdD,2024-02-28,38,#0d733e,4,PvdD peilde op 2024-02-27 op 4 zetels.
138,PvdD,2024-02-28,39,#0d733e,4,PvdD peilde op 2024-02-27 op 4 zetels.
139,PvdD,2024-02-28,40,#0d733e,4,PvdD peilde op 2024-02-27 op 4 zetels.
140,FvD,2024-02-28,41,#950511,3,FvD peilde op 2024-02-27 op 3 zetels.
141,FvD,2024-02-28,42,#950511,3,FvD peilde op 2024-02-27 op 3 zetels.
142,FvD,2024-02-28,43,#950511,3,FvD peilde op 2024-02-27 op 3 zetels.
143,SGP,2024-02-28,44,#e65d23,3,SGP peilde op 2024-02-27 op 3 zetels.
144,SGP,2024-02-28,45,#e65d23,3,SGP peilde op 2024-02-27 op 3 zetels.
145,SGP,2024-02-28,46,#e65d23,3,SGP peilde op 2024-02-27 op 3 zetels.
146,CU,2024-02-28,47,#00A7EB,2,CU peilde op 2024-02-27 op 2 zetels.
147,CU,2024-02-28,48,#00A7EB,2,CU peilde op 2024-02-27 op 2 zetels.
148,Volt,2024-02-28,49,#3d1365,1,Volt peilde op 2024-02-27 op 1 zetels.
149,JA21,2024-02-28,50,#1b1e45,1,JA21 peilde op 2024-02-27 op 1 zetels.
150,PVV,2024-02-12,1,#1c3456,49,PVV peilde op 2024-02-13 op 49 zetels.
151,PVV,2024-02-12,2,#1c3456,49,PVV peilde op 2024-02-13 op 49 zetels.
152,PVV,2024-02-12,3,#1c3456,49,PVV peilde op 2024-02-13 op 49 zetels.
153,PVV,2024-02-12,4,#1c3456,49,PVV peilde op 2024-02-13 op 49 zetels.
154,PVV,2024-02-12,5,#1c3456,49,PVV peilde op 2024-02-13 op 49 zetels.
155,PVV,2024-02-12,6,#1c3456,49,PVV peilde op 2024-02-13 op 49 zetels.
156,PVV,2024-02-12,7,#1c3456,49,PVV peilde op 2024-02-13 op 49 zetels.
157,PVV,2024-02-12,8,#1c3456,49,PVV peilde op 2024-02-13 op 49 zetels.
158,PVV,2024-02-12,9,#1c3456,49,PVV peilde op 2024-02-13 op 49 zetels.
159,PVV,2024-02-12,10,#1c3456,49,PVV peilde op 2024-02-13 op 49 zetels.
160,PVV,2024-02-12,11,#1c3456,49,PVV peilde op 2024-02-13 op 49 zetels.
161,PVV,2024-02-12,12,#1c3456,49,PVV peilde op 2024-02-13 op 49 zetels.
162,PVV,2024-02-12,13,#1c3456,49,PVV peilde op 2024-02-13 op 49 zetels.
163,PVV,2024-02-12,14,#1c3456,49,PVV peilde op 2024-02-13 op 49 zetels.
164,PVV,2024-02-12,15,#1c3456,49,PVV peilde op 2024-02-13 op 49 zetels.
165,PVV,2024-02-12,16,#1c3456,49,PVV peilde op 2024-02-13 op 49 zetels.
166,PVV,2024-02-12,17,#1c3456,49,PVV peilde op 2024-02-13 op 49 zetels.
167,PVV,2024-02-12,18,#1c3456,49,PVV peilde op 2024-02-13 op 49 zetels.
168,PVV,2024-02-12,19,#1c3456,49,PVV peilde op 2024-02-13 op 49 zetels.
169,PVV,2024-02-12,20,#1c3456,49,PVV peilde op 2024-02-13 op 49 zetels.
170,PVV,2024-02-12,21,#1c3456,49,PVV peilde op 2024-02-13 op 49 zetels.
171,PVV,2024-02-12,22,#1c3456,49,PVV peilde op 2024-02-13 op 49 zetels.
172,PVV,2024-02-12,23,#1c3456,49,PVV peilde op 2024-02-13 op 49 zetels.
173,PVV,2024-02-12,24,#1c3456,49,PVV peilde op 2024-02-13 op 49 zetels.
174,PVV,2024-02-12,25,#1c3456,49,PVV peilde op 2024-02-13 op 49 zetels.
175,PVV,2024-02-12,26,#1c3456,49,PVV peilde op 2024-02-13 op 49 zetels.
176,PVV,2024-02-12,27,#1c3456,49,PVV peilde op 2024-02-13 op 49 zetels.
177,PVV,2024-02-12,28,#1c3456,49,PVV peilde op 2024-02-13 op 49 zetels.
178,PVV,2024-02-12,29,#1c3456,49,PVV peilde op 2024-02-13 op 49 zetels.
179,PVV,2024-02-12,30,#1c3456,49,PVV peilde op 2024-02-13 op 49 zetels.
180,PVV,2024-02-12,31,#1c3456,49,PVV peilde op 2024-02-13 op 49 zetels.
181,PVV,2024-02-12,32,#1c3456,49,PVV peilde op 2024-02-13 op 49 zetels.
182,PVV,2024-02-12,33,#1c3456,49,PVV peilde op 2024-02-13 op 49 zetels.
183,PVV,2024-02-12,34,#1c3456,49,PVV peilde op 2024-02-13 op 49 zetels.
184,PVV,2024-02-12,35,#1c3456,49,PVV peilde op 2024-02-13 op 49 zetels.
185,PVV,2024-02-12,36,#1c3456,49,PVV peilde op 2024-02-13 op 49 zetels.
186,PVV,2024-02-12,37,#1c3456,49,PVV peilde op 2024-02-13 op 49 zetels.
187,PVV,2024-02-12,38,#1c3456,49,PVV peilde op 2024-02-13 op 49 zetels.
188,PVV,2024-02-12,39,#1c3456,49,PVV peilde op 2024-02-13 op 49 zetels.
189,PVV,2024-02-12,40,#1c3456,49,PVV peilde op 2024-02-13 op 49 zetels.
190,PVV,2024-02-12,41,#1c3456,49,PVV peilde op 2024-02-13 op 49 zetels.
191,PVV,2024-02-12,42,#1c3456,49,PVV peilde op 2024-02-13 op 49 zetels.
192,PVV,2024-02-12,43,#1c3456,49,PVV peilde op 2024-02-13 op 49 zetels.
193,PVV,2024-02-12,44,#1c3456,49,PVV peilde op 2024-02-13 op 49 zetels.
194,PVV,2024-02-12,45,#1c3456,49,PVV peilde op 2024-02-13 op 49 zetels.
195,PVV,2024-02-12,46,#1c3456,49,PVV peilde op 2024-02-13 op 49 zetels.
196,PVV,2024-02-12,47,#1c3456,49,PVV peilde op 2024-02-13 op 49 zetels.
197,PVV,2024-02-12,48,#1c3456,49,PVV peilde op 2024-02-13 op 49 zetels.
198,PVV,2024-02-12,49,#1c3456,49,PVV peilde op 2024-02-13 op 49 zetels.
199,GL/PvdA,2024-02-12,50,#DF111A,25,GL/PvdA peilde op 2024-02-13 op 25 zetels.
200,GL/PvdA,2024-02-13,1,#DF111A,25,GL/PvdA peilde op 2024-02-13 op 25 zetels.
201,GL/PvdA,2024-02-13,2,#DF111A,25,GL/PvdA peilde op 2024-02-13 op 25 zetels.
202,GL/PvdA,2024-02-13,3,#DF111A,25,GL/PvdA peilde op 2024-02-13 op 25 zetels.
203,GL/PvdA,2024-02-13,4,#DF111A,25,GL/PvdA peilde op 2024-02-13 op 25 zetels.
204,GL/PvdA,2024-02-13,5,#DF111A,25,GL/PvdA peilde op 2024-02-13 op 25 zetels.
205,GL/PvdA,2024-02-13,6,#DF111A,25,GL/PvdA peilde op 2024-02-13 op 25 zetels.
206,GL/PvdA,2024-02-13,7,#DF111A,25,GL/PvdA peilde op 2024-02-13 op 25 zetels.
207,GL/PvdA,2024-02-13,8,#DF111A,25,GL/PvdA peilde op 2024-02-13 op 25 zetels.
208,GL/PvdA,2024-02-13,9,#DF111A,25,GL/PvdA peilde op 2024-02-13 op 25 zetels.
209,GL/PvdA,2024-02-13,10,#DF111A,25,GL/PvdA peilde op 2024-02-13 op 25 zetels.
210,GL/PvdA,2024-02-13,11,#DF111A,25,GL/PvdA peilde op 2024-02-13 op 25 zetels.
211,GL/PvdA,2024-02-13,12,#DF111A,25,GL/PvdA peilde op 2024-02-13 op 25 zetels.
212,GL/PvdA,2024-02-13,13,#DF111A,25,GL/PvdA peilde op 2024-02-13 op 25 zetels.
213,GL/PvdA,2024-02-13,14,#DF111A,25,GL/PvdA peilde op 2024-02-13 op 25 zetels.
214,GL/PvdA,2024-02-13,15,#DF111A,25,GL/PvdA peilde op 2024-02-13 op 25 zetels.
215,GL/PvdA,2024-02-13,16,#DF111A,25,GL/PvdA peilde op 2024-02-13 op 25 zetels.
216,GL/PvdA,2024-02-13,17,#DF111A,25,GL/PvdA peilde op 2024-02-13 op 25 zetels.
217,GL/PvdA,2024-02-13,18,#DF111A,25,GL/PvdA peilde op 2024-02-13 op 25 zetels.
218,GL/PvdA,2024-02-13,19,#DF111A,25,GL/PvdA peilde op 2024-02-13 op 25 zetels.
219,GL/PvdA,2024-02-13,20,#DF111A,25,GL/PvdA peilde op 2024-02-13 op 25 zetels.
220,GL/PvdA,2024-02-13,21,#DF111A,25,GL/PvdA peilde op 2024-02-13 op 25 zetels.
221,GL/PvdA,2024-02-13,22,#DF111A,25,GL/PvdA peilde op 2024-02-13 op 25 zetels.
222,GL/PvdA,2024-02-13,23,#DF111A,25,GL/PvdA peilde op 2024-02-13 op 25 zetels.
223,GL/PvdA,2024-02-13,24,#DF111A,25,GL/PvdA peilde op 2024-02-13 op 25 zetels.
224,VVD,2024-02-13,25,#0A2CCA,17,VVD peilde op 2024-02-13 op 17 zetels.
225,VVD,2024-02-13,26,#0A2CCA,17,VVD peilde op 2024-02-13 op 17 zetels.
226,VVD,2024-02-13,27,#0A2CCA,17,VVD peilde op 2024-02-13 op 17 zetels.
227,VVD,2024-02-13,28,#0A2CCA,17,VVD peilde op 2024-02-13 op 17 zetels.
228,VVD,2024-02-13,29,#0A2CCA,17,VVD peilde op 2024-02-13 op 17 zetels.
229,VVD,2024-02-13,30,#0A2CCA,17,VVD peilde op 2024-02-13 op 17 zetels.
230,VVD,2024-02-13,31,#0A2CCA,17,VVD peilde op 2024-02-13 op 17 zetels.
231,VVD,2024-02-13,32,#0A2CCA,17,VVD peilde op 2024-02-13 op 17 zetels.
232,VVD,2024-02-13,33,#0A2CCA,17,VVD peilde op 2024-02-13 op 17 zetels.
233,VVD,2024-02-13,34,#0A2CCA,17,VVD peilde op 2024-02-13 op 17 zetels.
234,VVD,2024-02-13,35,#0A2CCA,17,VVD peilde op 2024-02-13 op 17 zetels.
235,VVD,2024-02-13,36,#0A2CCA,17,VVD peilde op 2024-02-13 op 17 zetels.
236,VVD,2024-02-13,37,#0A2CCA,17,VVD peilde op 2024-02-13 op 17 zetels.
237,VVD,2024-02-13,38,#0A2CCA,17,VVD peilde op 2024-02-13 op 17 zetels.
238,VVD,2024-02-13,39,#0A2CCA,17,VVD peilde op 2024-02-13 op 17 zetels.
239,VVD,2024-02-13,40,#0A2CCA,17,VVD peilde op 2024-02-13 op 17 zetels.
240,VVD,2024-02-13,41,#0A2CCA,17,VVD peilde op 2024-02-13 op 17 zetels.
241,NSC,2024-02-13,42,#13133a,9,NSC peilde op 2024-02-13 op 9 zetels.
242,NSC,2024-02-13,43,#13133a,9,NSC peilde op 2024-02-13 op 9 zetels.
243,NSC,2024-02-13,44,#13133a,9,NSC peilde op 2024-02-13 op 9 zetels.
244,NSC,2024-02-13,45,#13133a,9,NSC peilde op 2024-02-13 op 9 zetels.
245,NSC,2024-02-13,46,#13133a,9,NSC peilde op 2024-02-13 op 9 zetels.
246,NSC,2024-02-13,47,#13133a,9,NSC peilde op 2024-02-13 op 9 zetels.
247,NSC,2024-02-13,48,#13133a,9,NSC peilde op 2024-02-13 op 9 zetels.
248,NSC,2024-02-13,49,#13133a,9,NSC peilde op 2024-02-13 op 9 zetels.
249,NSC,2024-02-13,50,#13133a,9,NSC peilde op 2024-02-13 op 9 zetels.
250,D66,2024-02-14,1,#19ad47,9,D66 peilde op 2024-02-13 op 9 zetels.
251,D66,2024-02-14,2,#19ad47,9,D66 peilde op 2024-02-13 op 9 zetels.
252,D66,2024-02-14,3,#19ad47,9,D66 peilde op 2024-02-13 op 9 zetels.
253,D66,2024-02-14,4,#19ad47,9,D66 peilde op 2024-02-13 op 9 zetels.
254,D66,2024-02-14,5,#19ad47,9,D66 peilde op 2024-02-13 op 9 zetels.
255,D66,2024-02-14,6,#19ad47,9,D66 peilde op 2024-02-13 op 9 zetels.
256,D66,2024-02-14,7,#19ad47,9,D66 peilde op 2024-02-13 op 9 zetels.
257,D66,2024-02-14,8,#19ad47,9,D66 peilde op 2024-02-13 op 9 zetels.
258,D66,2024-02-14,9,#19ad47,9,D66 peilde op 2024-02-13 op 9 zetels.
259,BBB,2024-02-14,10,#c0e231,7,BBB peilde op 2024-02-13 op 7 zetels.
260,BBB,2024-02-14,11,#c0e231,7,BBB peilde op 2024-02-13 op 7 zetels.
261,BBB,2024-02-14,12,#c0e231,7,BBB peilde op 2024-02-13 op 7 zetels.
262,BBB,2024-02-14,13,#c0e231,7,BBB peilde op 2024-02-13 op 7 zetels.
263,BBB,2024-02-14,14,#c0e231,7,BBB peilde op 2024-02-13 op 7 zetels.
264,BBB,2024-02-14,15,#c0e231,7,BBB peilde op 2024-02-13 op 7 zetels.
265,BBB,2024-02-14,16,#c0e231,7,BBB peilde op 2024-02-13 op 7 zetels.
266,CDA,2024-02-14,17,#2cc84d,7,CDA peilde op 2024-02-13 op 7 zetels.
267,CDA,2024-02-14,18,#2cc84d,7,CDA peilde op 2024-02-13 op 7 zetels.
268,CDA,2024-02-14,19,#2cc84d,7,CDA peilde op 2024-02-13 op 7 zetels.
269,CDA,2024-02-14,20,#2cc84d,7,CDA peilde op 2024-02-13 op 7 zetels.
270,CDA,2024-02-14,21,#2cc84d,7,CDA peilde op 2024-02-13 op 7 zetels.
271,CDA,2024-02-14,22,#2cc84d,7,CDA peilde op 2024-02-13 op 7 zetels.
272,CDA,2024-02-14,23,#2cc84d,7,CDA peilde op 2024-02-13 op 7 zetels.
273,SP,2024-02-14,24,#ea202d,5,SP peilde op 2024-02-13 op 5 zetels.
274,SP,2024-02-14,25,#ea202d,5,SP peilde op 2024-02-13 op 5 zetels.
275,SP,2024-02-14,26,#ea202d,5,SP peilde op 2024-02-13 op 5 zetels.
276,SP,2024-02-14,27,#ea202d,5,SP peilde op 2024-02-13 op 5 zetels.
277,SP,2024-02-14,28,#ea202d,5,SP peilde op 2024-02-13 op 5 zetels.
278,Denk,2024-02-14,29,#1db7b1,2,Denk peilde op 2024-02-13 op 2 zetels.
279,Denk,2024-02-14,30,#1db7b1,2,Denk peilde op 2024-02-13 op 2 zetels.
280,PvdD,2024-02-14,31,#0d733e,5,PvdD peilde op 2024-02-13 op 5 zetels.
281,PvdD,2024-02-14,32,#0d733e,5,PvdD peilde op 2024-02-13 op 5 zetels.
282,PvdD,2024-02-14,33,#0d733e,5,PvdD peilde op 2024-02-13 op 5 zetels.
283,PvdD,2024-02-14,34,#0d733e,5,PvdD peilde op 2024-02-13 op 5 zetels.
284,PvdD,2024-02-14,35,#0d733e,5,PvdD peilde op 2024-02-13 op 5 zetels.
285,FvD,2024-02-14,36,#950511,3,FvD peilde op 2024-02-13 op 3 zetels.
286,FvD,2024-02-14,37,#950511,3,FvD peilde op 2024-02-13 op 3 zetels.
287,FvD,2024-02-14,38,#950511,3,FvD peilde op 2024-02-13 op 3 zetels.
288,SGP,2024-02-14,39,#e65d23,4,SGP peilde op 2024-02-13 op 4 zetels.
289,SGP,2024-02-14,40,#e65d23,4,SGP peilde op 2024-02-13 op 4 zetels.
290,SGP,2024-02-14,41,#e65d23,4,SGP peilde op 2024-02-13 op 4 zetels.
291,SGP,2024-02-14,42,#e65d23,4,SGP peilde op 2024-02-13 op 4 zetels.
292,CU,2024-02-14,43,#00A7EB,3,CU peilde op 2024-02-13 op 3 zetels.
293,CU,2024-02-14,44,#00A7EB,3,CU peilde op 2024-02-13 op 3 zetels.
294,CU,2024-02-14,45,#00A7EB,3,CU peilde op 2024-02-13 op 3 zetels.
295,Volt,2024-02-14,46,#3d1365,4,Volt peilde op 2024-02-13 op 4 zetels.
296,Volt,2024-02-14,47,#3d1365,4,Volt peilde op 2024-02-13 op 4 zetels.
297,Volt,2024-02-14,48,#3d1365,4,Volt peilde op 2024-02-13 op 4 zetels.
298,Volt,2024-02-14,49,#3d1365,4,Volt peilde op 2024-02-13 op 4 zetels.
299,JA21,2024-02-14,50,#1b1e45,1,JA21 peilde op 2024-02-13 op 1 zetels.
300,PVV,2024-01-30,1,#1c3456,45,PVV peilde op 2024-01-31 op 45 zetels.
301,PVV,2024-01-30,2,#1c3456,45,PVV peilde op 2024-01-31 op 45 zetels.
302,PVV,2024-01-30,3,#1c3456,45,PVV peilde op 2024-01-31 op 45 zetels.
303,PVV,2024-01-30,4,#1c3456,45,PVV peilde op 2024-01-31 op 45 zetels.
304,PVV,2024-01-30,5,#1c3456,45,PVV peilde op 2024-01-31 op 45 zetels.
305,PVV,2024-01-30,6,#1c3456,45,PVV peilde op 2024-01-31 op 45 zetels.
306,PVV,2024-01-30,7,#1c3456,45,PVV peilde op 2024-01-31 op 45 zetels.
307,PVV,2024-01-30,8,#1c3456,45,PVV peilde op 2024-01-31 op 45 zetels.
308,PVV,2024-01-30,9,#1c3456,45,PVV peilde op 2024-01-31 op 45 zetels.
309,PVV,2024-01-30,10,#1c3456,45,PVV peilde op 2024-01-31 op 45 zetels.
310,PVV,2024-01-30,11,#1c3456,45,PVV peilde op 2024-01-31 op 45 zetels.
311,PVV,2024-01-30,12,#1c3456,45,PVV peilde op 2024-01-31 op 45 zetels.
312,PVV,2024-01-30,13,#1c3456,45,PVV peilde op 2024-01-31 op 45 zetels.
313,PVV,2024-01-30,14,#1c3456,45,PVV peilde op 2024-01-31 op 45 zetels.
314,PVV,2024-01-30,15,#1c3456,45,PVV peilde op 2024-01-31 op 45 zetels.
315,PVV,2024-01-30,16,#1c3456,45,PVV peilde op 2024-01-31 op 45 zetels.
316,PVV,2024-01-30,17,#1c3456,45,PVV peilde op 2024-01-31 op 45 zetels.
317,PVV,2024-01-30,18,#1c3456,45,PVV peilde op 2024-01-31 op 45 zetels.
318,PVV,2024-01-30,19,#1c3456,45,PVV peilde op 2024-01-31 op 45 zetels.
319,PVV,2024-01-30,20,#1c3456,45,PVV peilde op 2024-01-31 op 45 zetels.
320,PVV,2024-01-30,21,#1c3456,45,PVV peilde op 2024-01-31 op 45 zetels.
321,PVV,2024-01-30,22,#1c3456,45,PVV peilde op 2024-01-31 op 45 zetels.
322,PVV,2024-01-30,23,#1c3456,45,PVV peilde op 2024-01-31 op 45 zetels.
323,PVV,2024-01-30,24,#1c3456,45,PVV peilde op 2024-01-31 op 45 zetels.
324,PVV,2024-01-30,25,#1c3456,45,PVV peilde op 2024-01-31 op 45 zetels.
325,PVV,2024-01-30,26,#1c3456,45,PVV peilde op 2024-01-31 op 45 zetels.
326,PVV,2024-01-30,27,#1c3456,45,PVV peilde op 2024-01-31 op 45 zetels.
327,PVV,2024-01-30,28,#1c3456,45,PVV peilde op 2024-01-31 op 45 zetels.
328,PVV,2024-01-30,29,#1c3456,45,PVV peilde op 2024-01-31 op 45 zetels.
329,PVV,2024-01-30,30,#1c3456,45,PVV peilde op 2024-01-31 op 45 zetels.
330,PVV,2024-01-30,31,#1c3456,45,PVV peilde op 2024-01-31 op 45 zetels.
331,PVV,2024-01-30,32,#1c3456,45,PVV peilde op 2024-01-31 op 45 zetels.
332,PVV,2024-01-30,33,#1c3456,45,PVV peilde op 2024-01-31 op 45 zetels.
333,PVV,2024-01-30,34,#1c3456,45,PVV peilde op 2024-01-31 op 45 zetels.
334,PVV,2024-01-30,35,#1c3456,45,PVV peilde op 2024-01-31 op 45 zetels.
335,PVV,2024-01-30,36,#1c3456,45,PVV peilde op 2024-01-31 op 45 zetels.
336,PVV,2024-01-30,37,#1c3456,45,PVV peilde op 2024-01-31 op 45 zetels.
337,PVV,2024-01-30,38,#1c3456,45,PVV peilde op 2024-01-31 op 45 zetels.
338,PVV,2024-01-30,39,#1c3456,45,PVV peilde op 2024-01-31 op 45 zetels.
339,PVV,2024-01-30,40,#1c3456,45,PVV peilde op 2024-01-31 op 45 zetels.
340,PVV,2024-01-30,41,#1c3456,45,PVV peilde op 2024-01-31 op 45 zetels.
341,PVV,2024-01-30,42,#1c3456,45,PVV peilde op 2024-01-31 op 45 zetels.
342,PVV,2024-01-30,43,#1c3456,45,PVV peilde op 2024-01-31 op 45 zetels.
343,PVV,2024-01-30,44,#1c3456,45,PVV peilde op 2024-01-31 op 45 zetels.
344,PVV,2024-01-30,45,#1c3456,45,PVV peilde op 2024-01-31 op 45 zetels.
345,GL/PvdA,2024-01-30,46,#DF111A,25,GL/PvdA peilde op 2024-01-31 op 25 zetels.
346,GL/PvdA,2024-01-30,47,#DF111A,25,GL/PvdA peilde op 2024-01-31 op 25 zetels.
347,GL/PvdA,2024-01-30,48,#DF111A,25,GL/PvdA peilde op 2024-01-31 op 25 zetels.
348,GL/PvdA,2024-01-30,49,#DF111A,25,GL/PvdA peilde op 2024-01-31 op 25 zetels.
349,GL/PvdA,2024-01-30,50,#DF111A,25,GL/PvdA peilde op 2024-01-31 op 25 zetels.
350,GL/PvdA,2024-01-31,1,#DF111A,25,GL/PvdA peilde op 2024-01-31 op 25 zetels.
351,GL/PvdA,2024-01-31,2,#DF111A,25,GL/PvdA peilde op 2024-01-31 op 25 zetels.
352,GL/PvdA,2024-01-31,3,#DF111A,25,GL/PvdA peilde op 2024-01-31 op 25 zetels.
353,GL/PvdA,2024-01-31,4,#DF111A,25,GL/PvdA peilde op 2024-01-31 op 25 zetels.
354,GL/PvdA,2024-01-31,5,#DF111A,25,GL/PvdA peilde op 2024-01-31 op 25 zetels.
355,GL/PvdA,2024-01-31,6,#DF111A,25,GL/PvdA peilde op 2024-01-31 op 25 zetels.
356,GL/PvdA,2024-01-31,7,#DF111A,25,GL/PvdA peilde op 2024-01-31 op 25 zetels.
357,GL/PvdA,2024-01-31,8,#DF111A,25,GL/PvdA peilde op 2024-01-31 op 25 zetels.
358,GL/PvdA,2024-01-31,9,#DF111A,25,GL/PvdA peilde op 2024-01-31 op 25 zetels.
359,GL/PvdA,2024-01-31,10,#DF111A,25,GL/PvdA peilde op 2024-01-31 op 25 zetels.
360,GL/PvdA,2024-01-31,11,#DF111A,25,GL/PvdA peilde op 2024-01-31 op 25 zetels.
361,GL/PvdA,2024-01-31,12,#DF111A,25,GL/PvdA peilde op 2024-01-31 op 25 zetels.
362,GL/PvdA,2024-01-31,13,#DF111A,25,GL/PvdA peilde op 2024-01-31 op 25 zetels.
363,GL/PvdA,2024-01-31,14,#DF111A,25,GL/PvdA peilde op 2024-01-31 op 25 zetels.
364,GL/PvdA,2024-01-31,15,#DF111A,25,GL/PvdA peilde op 2024-01-31 op 25 zetels.
365,GL/PvdA,2024-01-31,16,#DF111A,25,GL/PvdA peilde op 2024-01-31 op 25 zetels.
366,GL/PvdA,2024-01-31,17,#DF111A,25,GL/PvdA peilde op 2024-01-31 op 25 zetels.
367,GL/PvdA,2024-01-31,18,#DF111A,25,GL/PvdA peilde op 2024-01-31 op 25 zetels.
368,GL/PvdA,2024-01-31,19,#DF111A,25,GL/PvdA peilde op 2024-01-31 op 25 zetels.
369,GL/PvdA,2024-01-31,20,#DF111A,25,GL/PvdA peilde op 2024-01-31 op 25 zetels.
370,VVD,2024-01-31,21,#0A2CCA,19,VVD peilde op 2024-01-31 op 19 zetels.
371,VVD,2024-01-31,22,#0A2CCA,19,VVD peilde op 2024-01-31 op 19 zetels.
372,VVD,2024-01-31,23,#0A2CCA,19,VVD peilde op 2024-01-31 op 19 zetels.
373,VVD,2024-01-31,24,#0A2CCA,19,VVD peilde op 2024-01-31 op 19 zetels.
374,VVD,2024-01-31,25,#0A2CCA,19,VVD peilde op 2024-01-31 op 19 zetels.
375,VVD,2024-01-31,26,#0A2CCA,19,VVD peilde op 2024-01-31 op 19 zetels.
376,VVD,2024-01-31,27,#0A2CCA,19,VVD peilde op 2024-01-31 op 19 zetels.
377,VVD,2024-01-31,28,#0A2CCA,19,VVD peilde op 2024-01-31 op 19 zetels.
378,VVD,2024-01-31,29,#0A2CCA,19,VVD peilde op 2024-01-31 op 19 zetels.
379,VVD,2024-01-31,30,#0A2CCA,19,VVD peilde op 2024-01-31 op 19 zetels.
380,VVD,2024-01-31,31,#0A2CCA,19,VVD peilde op 2024-01-31 op 19 zetels.
381,VVD,2024-01-31,32,#0A2CCA,19,VVD peilde op 2024-01-31 op 19 zetels.
382,VVD,2024-01-31,33,#0A2CCA,19,VVD peilde op 2024-01-31 op 19 zetels.
383,VVD,2024-01-31,34,#0A2CCA,19,VVD peilde op 2024-01-31 op 19 zetels.
384,VVD,2024-01-31,35,#0A2CCA,19,VVD peilde op 2024-01-31 op 19 zetels.
385,VVD,2024-01-31,36,#0A2CCA,19,VVD peilde op 2024-01-31 op 19 zetels.
386,VVD,2024-01-31,37,#0A2CCA,19,VVD peilde op 2024-01-31 op 19 zetels.
387,VVD,2024-01-31,38,#0A2CCA,19,VVD peilde op 2024-01-31 op 19 zetels.
388,VVD,2024-01-31,39,#0A2CCA,19,VVD peilde op 2024-01-31 op 19 zetels.
389,NSC,2024-01-31,40,#13133a,18,NSC peilde op 2024-01-31 op 18 zetels.
390,NSC,2024-01-31,41,#13133a,18,NSC peilde op 2024-01-31 op 18 zetels.
391,NSC,2024-01-31,42,#13133a,18,NSC peilde op 2024-01-31 op 18 zetels.
392,NSC,2024-01-31,43,#13133a,18,NSC peilde op 2024-01-31 op 18 zetels.
393,NSC,2024-01-31,44,#13133a,18,NSC peilde op 2024-01-31 op 18 zetels.
394,NSC,2024-01-31,45,#13133a,18,NSC peilde op 2024-01-31 op 18 zetels.
395,NSC,2024-01-31,46,#13133a,18,NSC peilde op 2024-01-31 op 18 zetels.
396,NSC,2024-01-31,47,#13133a,18,NSC peilde op 2024-01-31 op 18 zetels.
397,NSC,2024-01-31,48,#13133a,18,NSC peilde op 2024-01-31 op 18 zetels.
398,NSC,2024-01-31,49,#13133a,18,NSC peilde op 2024-01-31 op 18 zetels.
399,NSC,2024-01-31,50,#13133a,18,NSC peilde op 2024-01-31 op 18 zetels.
400,NSC,2024-02-01,1,#13133a,18,NSC peilde op 2024-01-31 op 18 zetels.
401,NSC,2024-02-01,2,#13133a,18,NSC peilde op 2024-01-31 op 18 zetels.
402,NSC,2024-02-01,3,#13133a,18,NSC peilde op 2024-01-31 op 18 zetels.
403,NSC,2024-02-01,4,#13133a,18,NSC peilde op 2024-01-31 op 18 zetels.
404,NSC,2024-02-01,5,#13133a,18,NSC peilde op 2024-01-31 op 18 zetels.
405,NSC,2024-02-01,6,#13133a,18,NSC peilde op 2024-01-31 op 18 zetels.
406,NSC,2024-02-01,7,#13133a,18,NSC peilde op 2024-01-31 op 18 zetels.
407,D66,2024-02-01,8,#19ad47,11,D66 peilde op 2024-01-31 op 11 zetels.
408,D66,2024-02-01,9,#19ad47,11,D66 peilde op 2024-01-31 op 11 zetels.
409,D66,2024-02-01,10,#19ad47,11,D66 peilde op 2024-01-31 op 11 zetels.
410,D66,2024-02-01,11,#19ad47,11,D66 peilde op 2024-01-31 op 11 zetels.
411,D66,2024-02-01,12,#19ad47,11,D66 peilde op 2024-01-31 op 11 zetels.
412,D66,2024-02-01,13,#19ad47,11,D66 peilde op 2024-01-31 op 11 zetels.
413,D66,2024-02-01,14,#19ad47,11,D66 peilde op 2024-01-31 op 11 zetels.
414,D66,2024-02-01,15,#19ad47,11,D66 peilde op 2024-01-31 op 11 zetels.
415,D66,2024-02-01,16,#19ad47,11,D66 peilde op 2024-01-31 op 11 zetels.
416,D66,2024-02-01,17,#19ad47,11,D66 peilde op 2024-01-31 op 11 zetels.
417,D66,2024-02-01,18,#19ad47,11,D66 peilde op 2024-01-31 op 11 zetels.
418,BBB,2024-02-01,19,#c0e231,6,BBB peilde op 2024-01-31 op 6 zetels.
419,BBB,2024-02-01,20,#c0e231,6,BBB peilde op 2024-01-31 op 6 zetels.
420,BBB,2024-02-01,21,#c0e231,6,BBB peilde op 2024-01-31 op 6 zetels.
421,BBB,2024-02-01,22,#c0e231,6,BBB peilde op 2024-01-31 op 6 zetels.
422,BBB,2024-02-01,23,#c0e231,6,BBB peilde op 2024-01-31 op 6 zetels.
423,BBB,2024-02-01,24,#c0e231,6,BBB peilde op 2024-01-31 op 6 zetels.
424,CDA,2024-02-01,25,#2cc84d,5,CDA peilde op 2024-01-31 op 5 zetels.
425,CDA,2024-02-01,26,#2cc84d,5,CDA peilde op 2024-01-31 op 5 zetels.
426,CDA,2024-02-01,27,#2cc84d,5,CDA peilde op 2024-01-31 op 5 zetels.
427,CDA,2024-02-01,28,#2cc84d,5,CDA peilde op 2024-01-31 op 5 zetels.
428,CDA,2024-02-01,29,#2cc84d,5,CDA peilde op 2024-01-31 op 5 zetels.
429,SP,2024-02-01,30,#ea202d,3,SP peilde op 2024-01-31 op 3 zetels.
430,SP,2024-02-01,31,#ea202d,3,SP peilde op 2024-01-31 op 3 zetels.
431,SP,2024-02-01,32,#ea202d,3,SP peilde op 2024-01-31 op 3 zetels.
432,Denk,2024-02-01,33,#1db7b1,3,Denk peilde op 2024-01-31 op 3 zetels.
433,Denk,2024-02-01,34,#1db7b1,3,Denk peilde op 2024-01-31 op 3 zetels.
434,Denk,2024-02-01,35,#1db7b1,3,Denk peilde op 2024-01-31 op 3 zetels.
435,PvdD,2024-02-01,36,#0d733e,4,PvdD peilde op 2024-01-31 op 4 zetels.
436,PvdD,2024-02-01,37,#0d733e,4,PvdD peilde op 2024-01-31 op 4 zetels.
437,PvdD,2024-02-01,38,#0d733e,4,PvdD peilde op 2024-01-31 op 4 zetels.
438,PvdD,2024-02-01,39,#0d733e,4,PvdD peilde op 2024-01-31 op 4 zetels.
439,FvD,2024-02-01,40,#950511,3,FvD peilde op 2024-01-31 op 3 zetels.
440,FvD,2024-02-01,41,#950511,3,FvD peilde op 2024-01-31 op 3 zetels.
441,FvD,2024-02-01,42,#950511,3,FvD peilde op 2024-01-31 op 3 zetels.
442,SGP,2024-02-01,43,#e65d23,3,SGP peilde op 2024-01-31 op 3 zetels.
443,SGP,2024-02-01,44,#e65d23,3,SGP peilde op 2024-01-31 op 3 zetels.
444,SGP,2024-02-01,45,#e65d23,3,SGP peilde op 2024-01-31 op 3 zetels.
445,CU,2024-02-01,46,#00A7EB,2,CU peilde op 2024-01-31 op 2 zetels.
446,CU,2024-02-01,47,#00A7EB,2,CU peilde op 2024-01-31 op 2 zetels.
447,Volt,2024-02-01,48,#3d1365,2,Volt peilde op 2024-01-31 op 2 zetels.
448,Volt,2024-02-01,49,#3d1365,2,Volt peilde op 2024-01-31 op 2 zetels.
449,JA21,2024-02-01,50,#1b1e45,1,JA21 peilde op 2024-01-31 op 1 zetels.
450,PVV,2023-12-20,1,#1c3456,47,PVV peilde op 2023-12-21 op 47 zetels.
451,PVV,2023-12-20,2,#1c3456,47,PVV peilde op 2023-12-21 op 47 zetels.
452,PVV,2023-12-20,3,#1c3456,47,PVV peilde op 2023-12-21 op 47 zetels.
453,PVV,2023-12-20,4,#1c3456,47,PVV peilde op 2023-12-21 op 47 zetels.
454,PVV,2023-12-20,5,#1c3456,47,PVV peilde op 2023-12-21 op 47 zetels.
455,PVV,2023-12-20,6,#1c3456,47,PVV peilde op 2023-12-21 op 47 zetels.
456,PVV,2023-12-20,7,#1c3456,47,PVV peilde op 2023-12-21 op 47 zetels.
457,PVV,2023-12-20,8,#1c3456,47,PVV peilde op 2023-12-21 op 47 zetels.
458,PVV,2023-12-20,9,#1c3456,47,PVV peilde op 2023-12-21 op 47 zetels.
459,PVV,2023-12-20,10,#1c3456,47,PVV peilde op 2023-12-21 op 47 zetels.
460,PVV,2023-12-20,11,#1c3456,47,PVV peilde op 2023-12-21 op 47 zetels.
461,PVV,2023-12-20,12,#1c3456,47,PVV peilde op 2023-12-21 op 47 zetels.
462,PVV,2023-12-20,13,#1c3456,47,PVV peilde op 2023-12-21 op 47 zetels.
463,PVV,2023-12-20,14,#1c3456,47,PVV peilde op 2023-12-21 op 47 zetels.
464,PVV,2023-12-20,15,#1c3456,47,PVV peilde op 2023-12-21 op 47 zetels.
465,PVV,2023-12-20,16,#1c3456,47,PVV peilde op 2023-12-21 op 47 zetels.
466,PVV,2023-12-20,17,#1c3456,47,PVV peilde op 2023-12-21 op 47 zetels.
467,PVV,2023-12-20,18,#1c3456,47,PVV peilde op 2023-12-21 op 47 zetels.
468,PVV,2023-12-20,19,#1c3456,47,PVV peilde op 2023-12-21 op 47 zetels.
469,PVV,2023-12-20,20,#1c3456,47,PVV peilde op 2023-12-21 op 47 zetels.
470,PVV,2023-12-20,21,#1c3456,47,PVV peilde op 2023-12-21 op 47 zetels.
471,PVV,2023-12-20,22,#1c3456,47,PVV peilde op 2023-12-21 op 47 zetels.
472,PVV,2023-12-20,23,#1c3456,47,PVV peilde op 2023-12-21 op 47 zetels.
473,PVV,2023-12-20,24,#1c3456,47,PVV peilde op 2023-12-21 op 47 zetels.
474,PVV,2023-12-20,25,#1c3456,47,PVV peilde op 2023-12-21 op 47 zetels.
475,PVV,2023-12-20,26,#1c3456,47,PVV peilde op 2023-12-21 op 47 zetels.
476,PVV,2023-12-20,27,#1c3456,47,PVV peilde op 2023-12-21 op 47 zetels.
477,PVV,2023-12-20,28,#1c3456,47,PVV peilde op 2023-12-21 op 47 zetels.
478,PVV,2023-12-20,29,#1c3456,47,PVV peilde op 2023-12-21 op 47 zetels.
479,PVV,2023-12-20,30,#1c3456,47,PVV peilde op 2023-12-21 op 47 zetels.
480,PVV,2023-12-20,31,#1c3456,47,PVV peilde op 2023-12-21 op 47 zetels.
481,PVV,2023-12-20,32,#1c3456,47,PVV peilde op 2023-12-21 op 47 zetels.
482,PVV,2023-12-20,33,#1c3456,47,PVV peilde op 2023-12-21 op 47 zetels.
483,PVV,2023-12-20,34,#1c3456,47,PVV peilde op 2023-12-21 op 47 zetels.
484,PVV,2023-12-20,35,#1c3456,47,PVV peilde op 2023-12-21 op 47 zetels.
485,PVV,2023-12-20,36,#1c3456,47,PVV peilde op 2023-12-21 op 47 zetels.
486,PVV,2023-12-20,37,#1c3456,47,PVV peilde op 2023-12-21 op 47 zetels.
487,PVV,2023-12-20,38,#1c3456,47,PVV peilde op 2023-12-21 op 47 zetels.
488,PVV,2023-12-20,39,#1c3456,47,PVV peilde op 2023-12-21 op 47 zetels.
489,PVV,2023-12-20,40,#1c3456,47,PVV peilde op 2023-12-21 op 47 zetels.
490,PVV,2023-12-20,41,#1c3456,47,PVV peilde op 2023-12-21 op 47 zetels.
491,PVV,2023-12-20,42,#1c3456,47,PVV peilde op 2023-12-21 op 47 zetels.
492,PVV,2023-12-20,43,#1c3456,47,PVV peilde op 2023-12-21 op 47 zetels.
493,PVV,2023-12-20,44,#1c3456,47,PVV peilde op 2023-12-21 op 47 zetels.
494,PVV,2023-12-20,45,#1c3456,47,PVV peilde op 2023-12-21 op 47 zetels.
495,PVV,2023-12-20,46,#1c3456,47,PVV peilde op 2023-12-21 op 47 zetels.
496,PVV,2023-12-20,47,#1c3456,47,PVV peilde op 2023-12-21 op 47 zetels.
497,GL/PvdA,2023-12-20,48,#DF111A,22,GL/PvdA peilde op 2023-12-21 op 22 zetels.
498,GL/PvdA,2023-12-20,49,#DF111A,22,GL/PvdA peilde op 2023-12-21 op 22 zetels.
499,GL/PvdA,2023-12-20,50,#DF111A,22,GL/PvdA peilde op 2023-12-21 op 22 zetels.
500,GL/PvdA,2023-12-21,1,#DF111A,22,GL/PvdA peilde op 2023-12-21 op 22 zetels.
501,GL/PvdA,2023-12-21,2,#DF111A,22,GL/PvdA peilde op 2023-12-21 op 22 zetels.
502,GL/PvdA,2023-12-21,3,#DF111A,22,GL/PvdA peilde op 2023-12-21 op 22 zetels.
503,GL/PvdA,2023-12-21,4,#DF111A,22,GL/PvdA peilde op 2023-12-21 op 22 zetels.
504,GL/PvdA,2023-12-21,5,#DF111A,22,GL/PvdA peilde op 2023-12-21 op 22 zetels.
505,GL/PvdA,2023-12-21,6,#DF111A,22,GL/PvdA peilde op 2023-12-21 op 22 zetels.
506,GL/PvdA,2023-12-21,7,#DF111A,22,GL/PvdA peilde op 2023-12-21 op 22 zetels.
507,GL/PvdA,2023-12-21,8,#DF111A,22,GL/PvdA peilde op 2023-12-21 op 22 zetels.
508,GL/PvdA,2023-12-21,9,#DF111A,22,GL/PvdA peilde op 2023-12-21 op 22 zetels.
509,GL/PvdA,2023-12-21,10,#DF111A,22,GL/PvdA peilde op 2023-12-21 op 22 zetels.
510,GL/PvdA,2023-12-21,11,#DF111A,22,GL/PvdA peilde op 2023-12-21 op 22 zetels.
511,GL/PvdA,2023-12-21,12,#DF111A,22,GL/PvdA peilde op 2023-12-21 op 22 zetels.
512,GL/PvdA,2023-12-21,13,#DF111A,22,GL/PvdA peilde op 2023-12-21 op 22 zetels.
513,GL/PvdA,2023-12-21,14,#DF111A,22,GL/PvdA peilde op 2023-12-21 op 22 zetels.
514,GL/PvdA,2023-12-21,15,#DF111A,22,GL/PvdA peilde op 2023-12-21 op 22 zetels.
515,GL/PvdA,2023-12-21,16,#DF111A,22,GL/PvdA peilde op 2023-12-21 op 22 zetels.
516,GL/PvdA,2023-12-21,17,#DF111A,22,GL/PvdA peilde op 2023-12-21 op 22 zetels.
517,GL/PvdA,2023-12-21,18,#DF111A,22,GL/PvdA peilde op 2023-12-21 op 22 zetels.
518,GL/PvdA,2023-12-21,19,#DF111A,22,GL/PvdA peilde op 2023-12-21 op 22 zetels.
519,VVD,2023-12-21,20,#0A2CCA,18,VVD peilde op 2023-12-21 op 18 zetels.
520,VVD,2023-12-21,21,#0A2CCA,18,VVD peilde op 2023-12-21 op 18 zetels.
521,VVD,2023-12-21,22,#0A2CCA,18,VVD peilde op 2023-12-21 op 18 zetels.
522,VVD,2023-12-21,23,#0A2CCA,18,VVD peilde op 2023-12-21 op 18 zetels.
523,VVD,2023-12-21,24,#0A2CCA,18,VVD peilde op 2023-12-21 op 18 zetels.
524,VVD,2023-12-21,25,#0A2CCA,18,VVD peilde op 2023-12-21 op 18 zetels.
525,VVD,2023-12-21,26,#0A2CCA,18,VVD peilde op 2023-12-21 op 18 zetels.
526,VVD,2023-12-21,27,#0A2CCA,18,VVD peilde op 2023-12-21 op 18 zetels.
527,VVD,2023-12-21,28,#0A2CCA,18,VVD peilde op 2023-12-21 op 18 zetels.
528,VVD,2023-12-21,29,#0A2CCA,18,VVD peilde op 2023-12-21 op 18 zetels.
529,VVD,2023-12-21,30,#0A2CCA,18,VVD peilde op 2023-12-21 op 18 zetels.
530,VVD,2023-12-21,31,#0A2CCA,18,VVD peilde op 2023-12-21 op 18 zetels.
531,VVD,2023-12-21,32,#0A2CCA,18,VVD peilde op 2023-12-21 op 18 zetels.
532,VVD,2023-12-21,33,#0A2CCA,18,VVD peilde op 2023-12-21 op 18 zetels.
533,VVD,2023-12-21,34,#0A2CCA,18,VVD peilde op 2023-12-21 op 18 zetels.
534,VVD,2023-12-21,35,#0A2CCA,18,VVD peilde op 2023-12-21 op 18 zetels.
535,VVD,2023-12-21,36,#0A2CCA,18,VVD peilde op 2023-12-21 op 18 zetels.
536,VVD,2023-12-21,37,#0A2CCA,18,VVD peilde op 2023-12-21 op 18 zetels.
537,NSC,2023-12-21,38,#13133a,19,NSC peilde op 2023-12-21 op 19 zetels.
538,NSC,2023-12-21,39,#13133a,19,NSC peilde op 2023-12-21 op 19 zetels.
539,NSC,2023-12-21,40,#13133a,19,NSC peilde op 2023-12-21 op 19 zetels.
540,NSC,2023-12-21,41,#13133a,19,NSC peilde op 2023-12-21 op 19 zetels.
541,NSC,2023-12-21,42,#13133a,19,NSC peilde op 2023-12-21 op 19 zetels.
542,NSC,2023-12-21,43,#13133a,19,NSC peilde op 2023-12-21 op 19 zetels.
543,NSC,2023-12-21,44,#13133a,19,NSC peilde op 2023-12-21 op 19 zetels.
544,NSC,2023-12-21,45,#13133a,19,NSC peilde op 2023-12-21 op 19 zetels.
545,NSC,2023-12-21,46,#13133a,19,NSC peilde op 2023-12-21 op 19 zetels.
546,NSC,2023-12-21,47,#13133a,19,NSC peilde op 2023-12-21 op 19 zetels.
547,NSC,2023-12-21,48,#13133a,19,NSC peilde op 2023-12-21 op 19 zetels.
548,NSC,2023-12-21,49,#13133a,19,NSC peilde op 2023-12-21 op 19 zetels.
549,NSC,2023-12-21,50,#13133a,19,NSC peilde op 2023-12-21 op 19 zetels.
550,NSC,2023-12-22,1,#13133a,19,NSC peilde op 2023-12-21 op 19 zetels.
551,NSC,2023-12-22,2,#13133a,19,NSC peilde op 2023-12-21 op 19 zetels.
552,NSC,2023-12-22,3,#13133a,19,NSC peilde op 2023-12-21 op 19 zetels.
553,NSC,2023-12-22,4,#13133a,19,NSC peilde op 2023-12-21 op 19 zetels.
554,NSC,2023-12-22,5,#13133a,19,NSC peilde op 2023-12-21 op 19 zetels.
555,NSC,2023-12-22,6,#13133a,19,NSC peilde op 2023-12-21 op 19 zetels.
556,D66,2023-12-22,7,#19ad47,9,D66 peilde op 2023-12-21 op 9 zetels.
557,D66,2023-12-22,8,#19ad47,9,D66 peilde op 2023-12-21 op 9 zetels.
558,D66,2023-12-22,9,#19ad47,9,D66 peilde op 2023-12-21 op 9 zetels.
559,D66,2023-12-22,10,#19ad47,9,D66 peilde op 2023-12-21 op 9 zetels.
560,D66,2023-12-22,11,#19ad47,9,D66 peilde op 2023-12-21 op 9 zetels.
561,D66,2023-12-22,12,#19ad47,9,D66 peilde op 2023-12-21 op 9 zetels.
562,D66,2023-12-22,13,#19ad47,9,D66 peilde op 2023-12-21 op 9 zetels.
563,D66,2023-12-22,14,#19ad47,9,D66 peilde op 2023-12-21 op 9 zetels.
564,D66,2023-12-22,15,#19ad47,9,D66 peilde op 2023-12-21 op 9 zetels.
565,BBB,2023-12-22,16,#c0e231,8,BBB peilde op 2023-12-21 op 8 zetels.
566,BBB,2023-12-22,17,#c0e231,8,BBB peilde op 2023-12-21 op 8 zetels.
567,BBB,2023-12-22,18,#c0e231,8,BBB peilde op 2023-12-21 op 8 zetels.
568,BBB,2023-12-22,19,#c0e231,8,BBB peilde op 2023-12-21 op 8 zetels.
569,BBB,2023-12-22,20,#c0e231,8,BBB peilde op 2023-12-21 op 8 zetels.
570,BBB,2023-12-22,21,#c0e231,8,BBB peilde op 2023-12-21 op 8 zetels.
571,BBB,2023-12-22,22,#c0e231,8,BBB peilde op 2023-12-21 op 8 zetels.
572,BBB,2023-12-22,23,#c0e231,8,BBB peilde op 2023-12-21 op 8 zetels.
573,CDA,2023-12-22,24,#2cc84d,4,CDA peilde op 2023-12-21 op 4 zetels.
574,CDA,2023-12-22,25,#2cc84d,4,CDA peilde op 2023-12-21 op 4 zetels.
575,CDA,2023-12-22,26,#2cc84d,4,CDA peilde op 2023-12-21 op 4 zetels.
576,CDA,2023-12-22,27,#2cc84d,4,CDA peilde op 2023-12-21 op 4 zetels.
577,SP,2023-12-22,28,#ea202d,3,SP peilde op 2023-12-21 op 3 zetels.
578,SP,2023-12-22,29,#ea202d,3,SP peilde op 2023-12-21 op 3 zetels.
579,SP,2023-12-22,30,#ea202d,3,SP peilde op 2023-12-21 op 3 zetels.
580,Denk,2023-12-22,31,#1db7b1,4,Denk peilde op 2023-12-21 op 4 zetels.
581,Denk,2023-12-22,32,#1db7b1,4,Denk peilde op 2023-12-21 op 4 zetels.
582,Denk,2023-12-22,33,#1db7b1,4,Denk peilde op 2023-12-21 op 4 zetels.
583,Denk,2023-12-22,34,#1db7b1,4,Denk peilde op 2023-12-21 op 4 zetels.
584,PvdD,2023-12-22,35,#0d733e,5,PvdD peilde op 2023-12-21 op 5 zetels.
585,PvdD,2023-12-22,36,#0d733e,5,PvdD peilde op 2023-12-21 op 5 zetels.
586,PvdD,2023-12-22,37,#0d733e,5,PvdD peilde op 2023-12-21 op 5 zetels.
587,PvdD,2023-12-22,38,#0d733e,5,PvdD peilde op 2023-12-21 op 5 zetels.
588,PvdD,2023-12-22,39,#0d733e,5,PvdD peilde op 2023-12-21 op 5 zetels.
589,FvD,2023-12-22,40,#950511,3,FvD peilde op 2023-12-21 op 3 zetels.
590,FvD,2023-12-22,41,#950511,3,FvD peilde op 2023-12-21 op 3 zetels.
591,FvD,2023-12-22,42,#950511,3,FvD peilde op 2023-12-21 op 3 zetels.
592,SGP,2023-12-22,43,#e65d23,3,SGP peilde op 2023-12-21 op 3 zetels.
593,SGP,2023-12-22,44,#e65d23,3,SGP peilde op 2023-12-21 op 3 zetels.
594,SGP,2023-12-22,45,#e65d23,3,SGP peilde op 2023-12-21 op 3 zetels.
595,CU,2023-12-22,46,#00A7EB,3,CU peilde op 2023-12-21 op 3 zetels.
596,CU,2023-12-22,47,#00A7EB,3,CU peilde op 2023-12-21 op 3 zetels.
597,CU,2023-12-22,48,#00A7EB,3,CU peilde op 2023-12-21 op 3 zetels.
598,Volt,2023-12-22,49,#3d1365,2,Volt peilde op 2023-12-21 op 2 zetels.
599,Volt,2023-12-22,50,#3d1365,2,Volt peilde op 2023-12-21 op 2 zetels.
600,PVV,2023-12-13,1,#1c3456,43,PVV peilde op 2023-12-14 op 43 zetels.
601,PVV,2023-12-13,2,#1c3456,43,PVV peilde op 2023-12-14 op 43 zetels.
602,PVV,2023-12-13,3,#1c3456,43,PVV peilde op 2023-12-14 op 43 zetels.
603,PVV,2023-12-13,4,#1c3456,43,PVV peilde op 2023-12-14 op 43 zetels.
604,PVV,2023-12-13,5,#1c3456,43,PVV peilde op 2023-12-14 op 43 zetels.
605,PVV,2023-12-13,6,#1c3456,43,PVV peilde op 2023-12-14 op 43 zetels.
606,PVV,2023-12-13,7,#1c3456,43,PVV peilde op 2023-12-14 op 43 zetels.
607,PVV,2023-12-13,8,#1c3456,43,PVV peilde op 2023-12-14 op 43 zetels.
608,PVV,2023-12-13,9,#1c3456,43,PVV peilde op 2023-12-14 op 43 zetels.
609,PVV,2023-12-13,10,#1c3456,43,PVV peilde op 2023-12-14 op 43 zetels.
610,PVV,2023-12-13,11,#1c3456,43,PVV peilde op 2023-12-14 op 43 zetels.
611,PVV,2023-12-13,12,#1c3456,43,PVV peilde op 2023-12-14 op 43 zetels.
612,PVV,2023-12-13,13,#1c3456,43,PVV peilde op 2023-12-14 op 43 zetels.
613,PVV,2023-12-13,14,#1c3456,43,PVV peilde op 2023-12-14 op 43 zetels.
614,PVV,2023-12-13,15,#1c3456,43,PVV peilde op 2023-12-14 op 43 zetels.
615,PVV,2023-12-13,16,#1c3456,43,PVV peilde op 2023-12-14 op 43 zetels.
616,PVV,2023-12-13,17,#1c3456,43,PVV peilde op 2023-12-14 op 43 zetels.
617,PVV,2023-12-13,18,#1c3456,43,PVV peilde op 2023-12-14 op 43 zetels.
618,PVV,2023-12-13,19,#1c3456,43,PVV peilde op 2023-12-14 op 43 zetels.
619,PVV,2023-12-13,20,#1c3456,43,PVV peilde op 2023-12-14 op 43 zetels.
620,PVV,2023-12-13,21,#1c3456,43,PVV peilde op 2023-12-14 op 43 zetels.
621,PVV,2023-12-13,22,#1c3456,43,PVV peilde op 2023-12-14 op 43 zetels.
622,PVV,2023-12-13,23,#1c3456,43,PVV peilde op 2023-12-14 op 43 zetels.
623,PVV,2023-12-13,24,#1c3456,43,PVV peilde op 2023-12-14 op 43 zetels.
624,PVV,2023-12-13,25,#1c3456,43,PVV peilde op 2023-12-14 op 43 zetels.
625,PVV,2023-12-13,26,#1c3456,43,PVV peilde op 2023-12-14 op 43 zetels.
626,PVV,2023-12-13,27,#1c3456,43,PVV peilde op 2023-12-14 op 43 zetels.
627,PVV,2023-12-13,28,#1c3456,43,PVV peilde op 2023-12-14 op 43 zetels.
628,PVV,2023-12-13,29,#1c3456,43,PVV peilde op 2023-12-14 op 43 zetels.
629,PVV,2023-12-13,30,#1c3456,43,PVV peilde op 2023-12-14 op 43 zetels.
630,PVV,2023-12-13,31,#1c3456,43,PVV peilde op 2023-12-14 op 43 zetels.
631,PVV,2023-12-13,32,#1c3456,43,PVV peilde op 2023-12-14 op 43 zetels.
632,PVV,2023-12-13,33,#1c3456,43,PVV peilde op 2023-12-14 op 43 zetels.
633,PVV,2023-12-13,34,#1c3456,43,PVV peilde op 2023-12-14 op 43 zetels.
634,PVV,2023-12-13,35,#1c3456,43,PVV peilde op 2023-12-14 op 43 zetels.
635,PVV,2023-12-13,36,#1c3456,43,PVV peilde op 2023-12-14 op 43 zetels.
636,PVV,2023-12-13,37,#1c3456,43,PVV peilde op 2023-12-14 op 43 zetels.
637,PVV,2023-12-13,38,#1c3456,43,PVV peilde op 2023-12-14 op 43 zetels.
638,PVV,2023-12-13,39,#1c3456,43,PVV peilde op 2023-12-14 op 43 zetels.
639,PVV,2023-12-13,40,#1c3456,43,PVV peilde op 2023-12-14 op 43 zetels.
640,PVV,2023-12-13,41,#1c3456,43,PVV peilde op 2023-12-14 op 43 zetels.
641,PVV,2023-12-13,42,#1c3456,43,PVV peilde op 2023-12-14 op 43 zetels.
642,PVV,2023-12-13,43,#1c3456,43,PVV peilde op 2023-12-14 op 43 zetels.
643,GL/PvdA,2023-12-13,44,#DF111A,23,GL/PvdA peilde op 2023-12-14 op 23 zetels.
644,GL/PvdA,2023-12-13,45,#DF111A,23,GL/PvdA peilde op 2023-12-14 op 23 zetels.
645,GL/PvdA,2023-12-13,46,#DF111A,23,GL/PvdA peilde op 2023-12-14 op 23 zetels.
646,GL/PvdA,2023-12-13,47,#DF111A,23,GL/PvdA peilde op 2023-12-14 op 23 zetels.
647,GL/PvdA,2023-12-13,48,#DF111A,23,GL/PvdA peilde op 2023-12-14 op 23 zetels.
648,GL/PvdA,2023-12-13,49,#DF111A,23,GL/PvdA peilde op 2023-12-14 op 23 zetels.
649,GL/PvdA,2023-12-13,50,#DF111A,23,GL/PvdA peilde op 2023-12-14 op 23 zetels.
650,GL/PvdA,2023-12-14,1,#DF111A,23,GL/PvdA peilde op 2023-12-14 op 23 zetels.
651,GL/PvdA,2023-12-14,2,#DF111A,23,GL/PvdA peilde op 2023-12-14 op 23 zetels.
652,GL/PvdA,2023-12-14,3,#DF111A,23,GL/PvdA peilde op 2023-12-14 op 23 zetels.
653,GL/PvdA,2023-12-14,4,#DF111A,23,GL/PvdA peilde op 2023-12-14 op 23 zetels.
654,GL/PvdA,2023-12-14,5,#DF111A,23,GL/PvdA peilde op 2023-12-14 op 23 zetels.
655,GL/PvdA,2023-12-14,6,#DF111A,23,GL/PvdA peilde op 2023-12-14 op 23 zetels.
656,GL/PvdA,2023-12-14,7,#DF111A,23,GL/PvdA peilde op 2023-12-14 op 23 zetels.
657,GL/PvdA,2023-12-14,8,#DF111A,23,GL/PvdA peilde op 2023-12-14 op 23 zetels.
658,GL/PvdA,2023-12-14,9,#DF111A,23,GL/PvdA peilde op 2023-12-14 op 23 zetels.
659,GL/PvdA,2023-12-14,10,#DF111A,23,GL/PvdA peilde op 2023-12-14 op 23 zetels.
660,GL/PvdA,2023-12-14,11,#DF111A,23,GL/PvdA peilde op 2023-12-14 op 23 zetels.
661,GL/PvdA,2023-12-14,12,#DF111A,23,GL/PvdA peilde op 2023-12-14 op 23 zetels.
662,GL/PvdA,2023-12-14,13,#DF111A,23,GL/PvdA peilde op 2023-12-14 op 23 zetels.
663,GL/PvdA,2023-12-14,14,#DF111A,23,GL/PvdA peilde op 2023-12-14 op 23 zetels.
664,GL/PvdA,2023-12-14,15,#DF111A,23,GL/PvdA peilde op 2023-12-14 op 23 zetels.
665,GL/PvdA,2023-12-14,16,#DF111A,23,GL/PvdA peilde op 2023-12-14 op 23 zetels.
666,VVD,2023-12-14,17,#0A2CCA,16,VVD peilde op 2023-12-14 op 16 zetels.
667,VVD,2023-12-14,18,#0A2CCA,16,VVD peilde op 2023-12-14 op 16 zetels.
668,VVD,2023-12-14,19,#0A2CCA,16,VVD peilde op 2023-12-14 op 16 zetels.
669,VVD,2023-12-14,20,#0A2CCA,16,VVD peilde op 2023-12-14 op 16 zetels.
670,VVD,2023-12-14,21,#0A2CCA,16,VVD peilde op 2023-12-14 op 16 zetels.
671,VVD,2023-12-14,22,#0A2CCA,16,VVD peilde op 2023-12-14 op 16 zetels.
672,VVD,2023-12-14,23,#0A2CCA,16,VVD peilde op 2023-12-14 op 16 zetels.
673,VVD,2023-12-14,24,#0A2CCA,16,VVD peilde op 2023-12-14 op 16 zetels.
674,VVD,2023-12-14,25,#0A2CCA,16,VVD peilde op 2023-12-14 op 16 zetels.
675,VVD,2023-12-14,26,#0A2CCA,16,VVD peilde op 2023-12-14 op 16 zetels.
676,VVD,2023-12-14,27,#0A2CCA,16,VVD peilde op 2023-12-14 op 16 zetels.
677,VVD,2023-12-14,28,#0A2CCA,16,VVD peilde op 2023-12-14 op 16 zetels.
678,VVD,2023-12-14,29,#0A2CCA,16,VVD peilde op 2023-12-14 op 16 zetels.
679,VVD,2023-12-14,30,#0A2CCA,16,VVD peilde op 2023-12-14 op 16 zetels.
680,VVD,2023-12-14,31,#0A2CCA,16,VVD peilde op 2023-12-14 op 16 zetels.
681,VVD,2023-12-14,32,#0A2CCA,16,VVD peilde op 2023-12-14 op 16 zetels.
682,NSC,2023-12-14,33,#13133a,20,NSC peilde op 2023-12-14 op 20 zetels.
683,NSC,2023-12-14,34,#13133a,20,NSC peilde op 2023-12-14 op 20 zetels.
684,NSC,2023-12-14,35,#13133a,20,NSC peilde op 2023-12-14 op 20 zetels.
685,NSC,2023-12-14,36,#13133a,20,NSC peilde op 2023-12-14 op 20 zetels.
686,NSC,2023-12-14,37,#13133a,20,NSC peilde op 2023-12-14 op 20 zetels.
687,NSC,2023-12-14,38,#13133a,20,NSC peilde op 2023-12-14 op 20 zetels.
688,NSC,2023-12-14,39,#13133a,20,NSC peilde op 2023-12-14 op 20 zetels.
689,NSC,2023-12-14,40,#13133a,20,NSC peilde op 2023-12-14 op 20 zetels.
690,NSC,2023-12-14,41,#13133a,20,NSC peilde op 2023-12-14 op 20 zetels.
691,NSC,2023-12-14,42,#13133a,20,NSC peilde op 2023-12-14 op 20 zetels.
692,NSC,2023-12-14,43,#13133a,20,NSC peilde op 2023-12-14 op 20 zetels.
693,NSC,2023-12-14,44,#13133a,20,NSC peilde op 2023-12-14 op 20 zetels.
694,NSC,2023-12-14,45,#13133a,20,NSC peilde op 2023-12-14 op 20 zetels.
695,NSC,2023-12-14,46,#13133a,20,NSC peilde op 2023-12-14 op 20 zetels.
696,NSC,2023-12-14,47,#13133a,20,NSC peilde op 2023-12-14 op 20 zetels.
697,NSC,2023-12-14,48,#13133a,20,NSC peilde op 2023-12-14 op 20 zetels.
698,NSC,2023-12-14,49,#13133a,20,NSC peilde op 2023-12-14 op 20 zetels.
699,NSC,2023-12-14,50,#13133a,20,NSC peilde op 2023-12-14 op 20 zetels.
700,NSC,2023-12-15,1,#13133a,20,NSC peilde op 2023-12-14 op 20 zetels.
701,NSC,2023-12-15,2,#13133a,20,NSC peilde op 2023-12-14 op 20 zetels.
702,D66,2023-12-15,3,#19ad47,10,D66 peilde op 2023-12-14 op 10 zetels.
703,D66,2023-12-15,4,#19ad47,10,D66 peilde op 2023-12-14 op 10 zetels.
704,D66,2023-12-15,5,#19ad47,10,D66 peilde op 2023-12-14 op 10 zetels.
705,D66,2023-12-15,6,#19ad47,10,D66 peilde op 2023-12-14 op 10 zetels.
706,D66,2023-12-15,7,#19ad47,10,D66 peilde op 2023-12-14 op 10 zetels.
707,D66,2023-12-15,8,#19ad47,10,D66 peilde op 2023-12-14 op 10 zetels.
708,D66,2023-12-15,9,#19ad47,10,D66 peilde op 2023-12-14 op 10 zetels.
709,D66,2023-12-15,10,#19ad47,10,D66 peilde op 2023-12-14 op 10 zetels.
710,D66,2023-12-15,11,#19ad47,10,D66 peilde op 2023-12-14 op 10 zetels.
711,D66,2023-12-15,12,#19ad47,10,D66 peilde op 2023-12-14 op 10 zetels.
712,BBB,2023-12-15,13,#c0e231,8,BBB peilde op 2023-12-14 op 8 zetels.
713,BBB,2023-12-15,14,#c0e231,8,BBB peilde op 2023-12-14 op 8 zetels.
714,BBB,2023-12-15,15,#c0e231,8,BBB peilde op 2023-12-14 op 8 zetels.
715,BBB,2023-12-15,16,#c0e231,8,BBB peilde op 2023-12-14 op 8 zetels.
716,BBB,2023-12-15,17,#c0e231,8,BBB peilde op 2023-12-14 op 8 zetels.
717,BBB,2023-12-15,18,#c0e231,8,BBB peilde op 2023-12-14 op 8 zetels.
718,BBB,2023-12-15,19,#c0e231,8,BBB peilde op 2023-12-14 op 8 zetels.
719,BBB,2023-12-15,20,#c0e231,8,BBB peilde op 2023-12-14 op 8 zetels.
720,CDA,2023-12-15,21,#2cc84d,5,CDA peilde op 2023-12-14 op 5 zetels.
721,CDA,2023-12-15,22,#2cc84d,5,CDA peilde op 2023-12-14 op 5 zetels.
722,CDA,2023-12-15,23,#2cc84d,5,CDA peilde op 2023-12-14 op 5 zetels.
723,CDA,2023-12-15,24,#2cc84d,5,CDA peilde op 2023-12-14 op 5 zetels.
724,CDA,2023-12-15,25,#2cc84d,5,CDA peilde op 2023-12-14 op 5 zetels.
725,SP,2023-12-15,26,#ea202d,5,SP peilde op 2023-12-14 op 5 zetels.
726,SP,2023-12-15,27,#ea202d,5,SP peilde op 2023-12-14 op 5 zetels.
727,SP,2023-12-15,28,#ea202d,5,SP peilde op 2023-12-14 op 5 zetels.
728,SP,2023-12-15,29,#ea202d,5,SP peilde op 2023-12-14 op 5 zetels.
729,SP,2023-12-15,30,#ea202d,5,SP peilde op 2023-12-14 op 5 zetels.
730,Denk,2023-12-15,31,#1db7b1,2,Denk peilde op 2023-12-14 op 2 zetels.
731,Denk,2023-12-15,32,#1db7b1,2,Denk peilde op 2023-12-14 op 2 zetels.
732,PvdD,2023-12-15,33,#0d733e,5,PvdD peilde op 2023-12-14 op 5 zetels.
733,PvdD,2023-12-15,34,#0d733e,5,PvdD peilde op 2023-12-14 op 5 zetels.
734,PvdD,2023-12-15,35,#0d733e,5,PvdD peilde op 2023-12-14 op 5 zetels.
735,PvdD,2023-12-15,36,#0d733e,5,PvdD peilde op 2023-12-14 op 5 zetels.
736,PvdD,2023-12-15,37,#0d733e,5,PvdD peilde op 2023-12-14 op 5 zetels.
737,FvD,2023-12-15,38,#950511,3,FvD peilde op 2023-12-14 op 3 zetels.
738,FvD,2023-12-15,39,#950511,3,FvD peilde op 2023-12-14 op 3 zetels.
739,FvD,2023-12-15,40,#950511,3,FvD peilde op 2023-12-14 op 3 zetels.
740,SGP,2023-12-15,41,#e65d23,3,SGP peilde op 2023-12-14 op 3 zetels.
741,SGP,2023-12-15,42,#e65d23,3,SGP peilde op 2023-12-14 op 3 zetels.
742,SGP,2023-12-15,43,#e65d23,3,SGP peilde op 2023-12-14 op 3 zetels.
743,CU,2023-12-15,44,#00A7EB,3,CU peilde op 2023-12-14 op 3 zetels.
744,CU,2023-12-15,45,#00A7EB,3,CU peilde op 2023-12-14 op 3 zetels.
745,CU,2023-12-15,46,#00A7EB,3,CU peilde op 2023-12-14 op 3 zetels.
746,Volt,2023-12-15,47,#3d1365,4,Volt peilde op 2023-12-14 op 4 zetels.
747,Volt,2023-12-15,48,#3d1365,4,Volt peilde op 2023-12-14 op 4 zetels.
748,Volt,2023-12-15,49,#3d1365,4,Volt peilde op 2023-12-14 op 4 zetels.
749,Volt,2023-12-15,50,#3d1365,4,Volt peilde op 2023-12-14 op 4 zetels.
750,PVV,2023-11-21,1,#1c3456,37,PVV haalde 37 zetels in de Tweede Kamerverkiezingen.
751,PVV,2023-11-21,2,#1c3456,37,PVV haalde 37 zetels in de Tweede Kamerverkiezingen.
752,PVV,2023-11-21,3,#1c3456,37,PVV haalde 37 zetels in de Tweede Kamerverkiezingen.
753,PVV,2023-11-21,4,#1c3456,37,PVV haalde 37 zetels in de Tweede Kamerverkiezingen.
754,PVV,2023-11-21,5,#1c3456,37,PVV haalde 37 zetels in de Tweede Kamerverkiezingen.
755,PVV,2023-11-21,6,#1c3456,37,PVV haalde 37 zetels in de Tweede Kamerverkiezingen.
756,PVV,2023-11-21,7,#1c3456,37,PVV haalde 37 zetels in de Tweede Kamerverkiezingen.
757,PVV,2023-11-21,8,#1c3456,37,PVV haalde 37 zetels in de Tweede Kamerverkiezingen.
758,PVV,2023-11-21,9,#1c3456,37,PVV haalde 37 zetels in de Tweede Kamerverkiezingen.
759,PVV,2023-11-21,10,#1c3456,37,PVV haalde 37 zetels in de Tweede Kamerverkiezingen.
760,PVV,2023-11-21,11,#1c3456,37,PVV haalde 37 zetels in de Tweede Kamerverkiezingen.
761,PVV,2023-11-21,12,#1c3456,37,PVV haalde 37 zetels in de Tweede Kamerverkiezingen.
762,PVV,2023-11-21,13,#1c3456,37,PVV haalde 37 zetels in de Tweede Kamerverkiezingen.
763,PVV,2023-11-21,14,#1c3456,37,PVV haalde 37 zetels in de Tweede Kamerverkiezingen.
764,PVV,2023-11-21,15,#1c3456,37,PVV haalde 37 zetels in de Tweede Kamerverkiezingen.
765,PVV,2023-11-21,16,#1c3456,37,PVV haalde 37 zetels in de Tweede Kamerverkiezingen.
766,PVV,2023-11-21,17,#1c3456,37,PVV haalde 37 zetels in de Tweede Kamerverkiezingen.
767,PVV,2023-11-21,18,#1c3456,37,PVV haalde 37 zetels in de Tweede Kamerverkiezingen.
768,PVV,2023-11-21,19,#1c3456,37,PVV haalde 37 zetels in de Tweede Kamerverkiezingen.
769,PVV,2023-11-21,20,#1c3456,37,PVV haalde 37 zetels in de Tweede Kamerverkiezingen.
770,PVV,2023-11-21,21,#1c3456,37,PVV haalde 37 zetels in de Tweede Kamerverkiezingen.
771,PVV,2023-11-21,22,#1c3456,37,PVV haalde 37 zetels in de Tweede Kamerverkiezingen.
772,PVV,2023-11-21,23,#1c3456,37,PVV haalde 37 zetels in de Tweede Kamerverkiezingen.
773,PVV,2023-11-21,24,#1c3456,37,PVV haalde 37 zetels in de Tweede Kamerverkiezingen.
774,PVV,2023-11-21,25,#1c3456,37,PVV haalde 37 zetels in de Tweede Kamerverkiezingen.
775,PVV,2023-11-21,26,#1c3456,37,PVV haalde 37 zetels in de Tweede Kamerverkiezingen.
776,PVV,2023-11-21,27,#1c3456,37,PVV haalde 37 zetels in de Tweede Kamerverkiezingen.
777,PVV,2023-11-21,28,#1c3456,37,PVV haalde 37 zetels in de Tweede Kamerverkiezingen.
778,PVV,2023-11-21,29,#1c3456,37,PVV haalde 37 zetels in de Tweede Kamerverkiezingen.
779,PVV,2023-11-21,30,#1c3456,37,PVV haalde 37 zetels in de Tweede Kamerverkiezingen.
780,PVV,2023-11-21,31,#1c3456,37,PVV haalde 37 zetels in de Tweede Kamerverkiezingen.
781,PVV,2023-11-21,32,#1c3456,37,PVV haalde 37 zetels in de Tweede Kamerverkiezingen.
782,PVV,2023-11-21,33,#1c3456,37,PVV haalde 37 zetels in de Tweede Kamerverkiezingen.
783,PVV,2023-11-21,34,#1c3456,37,PVV haalde 37 zetels in de Tweede Kamerverkiezingen.
784,PVV,2023-11-21,35,#1c3456,37,PVV haalde 37 zetels in de Tweede Kamerverkiezingen.
785,PVV,2023-11-21,36,#1c3456,37,PVV haalde 37 zetels in de Tweede Kamerverkiezingen.
786,PVV,2023-11-21,37,#1c3456,37,PVV haalde 37 zetels in de Tweede Kamerverkiezingen.
787,GL/PvdA,2023-11-21,38,#DF111A,25,GL/PvdA haalde 25 zetels in de Tweede Kamerverkiezingen.
788,GL/PvdA,2023-11-21,39,#DF111A,25,GL/PvdA haalde 25 zetels in de Tweede Kamerverkiezingen.
789,GL/PvdA,2023-11-21,40,#DF111A,25,GL/PvdA haalde 25 zetels in de Tweede Kamerverkiezingen.
790,GL/PvdA,2023-11-21,41,#DF111A,25,GL/PvdA haalde 25 zetels in de Tweede Kamerverkiezingen.
791,GL/PvdA,2023-11-21,42,#DF111A,25,GL/PvdA haalde 25 zetels in de Tweede Kamerverkiezingen.
792,GL/PvdA,2023-11-21,43,#DF111A,25,GL/PvdA haalde 25 zetels in de Tweede Kamerverkiezingen.
793,GL/PvdA,2023-11-21,44,#DF111A,25,GL/PvdA haalde 25 zetels in de Tweede Kamerverkiezingen.
794,GL/PvdA,2023-11-21,45,#DF111A,25,GL/PvdA haalde 25 zetels in de Tweede Kamerverkiezingen.
795,GL/PvdA,2023-11-21,46,#DF111A,25,GL/PvdA haalde 25 zetels in de Tweede Kamerverkiezingen.
796,GL/PvdA,2023-11-21,47,#DF111A,25,GL/PvdA haalde 25 zetels in de Tweede Kamerverkiezingen.
797,GL/PvdA,2023-11-21,48,#DF111A,25,GL/PvdA haalde 25 zetels in de Tweede Kamerverkiezingen.
798,GL/PvdA,2023-11-21,49,#DF111A,25,GL/PvdA haalde 25 zetels in de Tweede Kamerverkiezingen.
799,GL/PvdA,2023-11-21,50,#DF111A,25,GL/PvdA haalde 25 zetels in de Tweede Kamerverkiezingen.
800,GL/PvdA,2023-11-22,1,#DF111A,25,GL/PvdA haalde 25 zetels in de Tweede Kamerverkiezingen.
801,GL/PvdA,2023-11-22,2,#DF111A,25,GL/PvdA haalde 25 zetels in de Tweede Kamerverkiezingen.
802,GL/PvdA,2023-11-22,3,#DF111A,25,GL/PvdA haalde 25 zetels in de Tweede Kamerverkiezingen.
803,GL/PvdA,2023-11-22,4,#DF111A,25,GL/PvdA haalde 25 zetels in de Tweede Kamerverkiezingen.
804,GL/PvdA,2023-11-22,5,#DF111A,25,GL/PvdA haalde 25 zetels in de Tweede Kamerverkiezingen.
805,GL/PvdA,2023-11-22,6,#DF111A,25,GL/PvdA haalde 25 zetels in de Tweede Kamerverkiezingen.
806,GL/PvdA,2023-11-22,7,#DF111A,25,GL/PvdA haalde 25 zetels in de Tweede Kamerverkiezingen.
807,GL/PvdA,2023-11-22,8,#DF111A,25,GL/PvdA haalde 25 zetels in de Tweede Kamerverkiezingen.
808,GL/PvdA,2023-11-22,9,#DF111A,25,GL/PvdA haalde 25 zetels in de Tweede Kamerverkiezingen.
809,GL/PvdA,2023-11-22,10,#DF111A,25,GL/PvdA haalde 25 zetels in de Tweede Kamerverkiezingen.
810,GL/PvdA,2023-11-22,11,#DF111A,25,GL/PvdA haalde 25 zetels in de Tweede Kamerverkiezingen.
811,GL/PvdA,2023-11-22,12,#DF111A,25,GL/PvdA haalde 25 zetels in de Tweede Kamerverkiezingen.
812,VVD,2023-11-22,13,#0A2CCA,24,VVD haalde 24 zetels in de Tweede Kamerverkiezingen.
813,VVD,2023-11-22,14,#0A2CCA,24,VVD haalde 24 zetels in de Tweede Kamerverkiezingen.
814,VVD,2023-11-22,15,#0A2CCA,24,VVD haalde 24 zetels in de Tweede Kamerverkiezingen.
815,VVD,2023-11-22,16,#0A2CCA,24,VVD haalde 24 zetels in de Tweede Kamerverkiezingen.
816,VVD,2023-11-22,17,#0A2CCA,24,VVD haalde 24 zetels in de Tweede Kamerverkiezingen.
817,VVD,2023-11-22,18,#0A2CCA,24,VVD haalde 24 zetels in de Tweede Kamerverkiezingen.
818,VVD,2023-11-22,19,#0A2CCA,24,VVD haalde 24 zetels in de Tweede Kamerverkiezingen.
819,VVD,2023-11-22,20,#0A2CCA,24,VVD haalde 24 zetels in de Tweede Kamerverkiezingen.
820,VVD,2023-11-22,21,#0A2CCA,24,VVD haalde 24 zetels in de Tweede Kamerverkiezingen.
821,VVD,2023-11-22,22,#0A2CCA,24,VVD haalde 24 zetels in de Tweede Kamerverkiezingen.
822,VVD,2023-11-22,23,#0A2CCA,24,VVD haalde 24 zetels in de Tweede Kamerverkiezingen.
823,VVD,2023-11-22,24,#0A2CCA,24,VVD haalde 24 zetels in de Tweede Kamerverkiezingen.
824,VVD,2023-11-22,25,#0A2CCA,24,VVD haalde 24 zetels in de Tweede Kamerverkiezingen.
825,VVD,2023-11-22,26,#0A2CCA,24,VVD haalde 24 zetels in de Tweede Kamerverkiezingen.
826,VVD,2023-11-22,27,#0A2CCA,24,VVD haalde 24 zetels in de Tweede Kamerverkiezingen.
827,VVD,2023-11-22,28,#0A2CCA,24,VVD haalde 24 zetels in de Tweede Kamerverkiezingen.
828,VVD,2023-11-22,29,#0A2CCA,24,VVD haalde 24 zetels in de Tweede Kamerverkiezingen.
829,VVD,2023-11-22,30,#0A2CCA,24,VVD haalde 24 zetels in de Tweede Kamerverkiezingen.
830,VVD,2023-11-22,31,#0A2CCA,24,VVD haalde 24 zetels in de Tweede Kamerverkiezingen.
831,VVD,2023-11-22,32,#0A2CCA,24,VVD haalde 24 zetels in de Tweede Kamerverkiezingen.
832,VVD,2023-11-22,33,#0A2CCA,24,VVD haalde 24 zetels in de Tweede Kamerverkiezingen.
833,VVD,2023-11-22,34,#0A2CCA,24,VVD haalde 24 zetels in de Tweede Kamerverkiezingen.
834,VVD,2023-11-22,35,#0A2CCA,24,VVD haalde 24 zetels in de Tweede Kamerverkiezingen.
835,VVD,2023-11-22,36,#0A2CCA,24,VVD haalde 24 zetels in de Tweede Kamerverkiezingen.
836,NSC,2023-11-22,37,#13133a,20,NSC haalde 20 zetels in de Tweede Kamerverkiezingen.
837,NSC,2023-11-22,38,#13133a,20,NSC haalde 20 zetels in de Tweede Kamerverkiezingen.
838,NSC,2023-11-22,39,#13133a,20,NSC haalde 20 zetels in de Tweede Kamerverkiezingen.
839,NSC,2023-11-22,40,#13133a,20,NSC haalde 20 zetels in de Tweede Kamerverkiezingen.
840,NSC,2023-11-22,41,#13133a,20,NSC haalde 20 zetels in de Tweede Kamerverkiezingen.
841,NSC,2023-11-22,42,#13133a,20,NSC haalde 20 zetels in de Tweede Kamerverkiezingen.
842,NSC,2023-11-22,43,#13133a,20,NSC haalde 20 zetels in de Tweede Kamerverkiezingen.
843,NSC,2023-11-22,44,#13133a,20,NSC haalde 20 zetels in de Tweede Kamerverkiezingen.
844,NSC,2023-11-22,45,#13133a,20,NSC haalde 20 zetels in de Tweede Kamerverkiezingen.
845,NSC,2023-11-22,46,#13133a,20,NSC haalde 20 zetels in de Tweede Kamerverkiezingen.
846,NSC,2023-11-22,47,#13133a,20,NSC haalde 20 zetels in de Tweede Kamerverkiezingen.
847,NSC,2023-11-22,48,#13133a,20,NSC haalde 20 zetels in de Tweede Kamerverkiezingen.
848,NSC,2023-11-22,49,#13133a,20,NSC haalde 20 zetels in de Tweede Kamerverkiezingen.
849,NSC,2023-11-22,50,#13133a,20,NSC haalde 20 zetels in de Tweede Kamerverkiezingen.
850,NSC,2023-11-23,1,#13133a,20,NSC haalde 20 zetels in de Tweede Kamerverkiezingen.
851,NSC,2023-11-23,2,#13133a,20,NSC haalde 20 zetels in de Tweede Kamerverkiezingen.
852,NSC,2023-11-23,3,#13133a,20,NSC haalde 20 zetels in de Tweede Kamerverkiezingen.
853,NSC,2023-11-23,4,#13133a,20,NSC haalde 20 zetels in de Tweede Kamerverkiezingen.
854,NSC,2023-11-23,5,#13133a,20,NSC haalde 20 zetels in de Tweede Kamerverkiezingen.
855,NSC,2023-11-23,6,#13133a,20,NSC haalde 20 zetels in de Tweede Kamerverkiezingen.
856,D66,2023-11-23,7,#19ad47,9,D66 haalde 9 zetels in de Tweede Kamerverkiezingen.
857,D66,2023-11-23,8,#19ad47,9,D66 haalde 9 zetels in de Tweede Kamerverkiezingen.
858,D66,2023-11-23,9,#19ad47,9,D66 haalde 9 zetels in de Tweede Kamerverkiezingen.
859,D66,2023-11-23,10,#19ad47,9,D66 haalde 9 zetels in de Tweede Kamerverkiezingen.
860,D66,2023-11-23,11,#19ad47,9,D66 haalde 9 zetels in de Tweede Kamerverkiezingen.
861,D66,2023-11-23,12,#19ad47,9,D66 haalde 9 zetels in de Tweede Kamerverkiezingen.
862,D66,2023-11-23,13,#19ad47,9,D66 haalde 9 zetels in de Tweede Kamerverkiezingen.
863,D66,2023-11-23,14,#19ad47,9,D66 haalde 9 zetels in de Tweede Kamerverkiezingen.
864,D66,2023-11-23,15,#19ad47,9,D66 haalde 9 zetels in de Tweede Kamerverkiezingen.
865,BBB,2023-11-23,16,#c0e231,7,BBB haalde 7 zetels in de Tweede Kamerverkiezingen.
866,BBB,2023-11-23,17,#c0e231,7,BBB haalde 7 zetels in de Tweede Kamerverkiezingen.
867,BBB,2023-11-23,18,#c0e231,7,BBB haalde 7 zetels in de Tweede Kamerverkiezingen.
868,BBB,2023-11-23,19,#c0e231,7,BBB haalde 7 zetels in de Tweede Kamerverkiezingen.
869,BBB,2023-11-23,20,#c0e231,7,BBB haalde 7 zetels in de Tweede Kamerverkiezingen.
870,BBB,2023-11-23,21,#c0e231,7,BBB haalde 7 zetels in de Tweede Kamerverkiezingen.
871,BBB,2023-11-23,22,#c0e231,7,BBB haalde 7 zetels in de Tweede Kamerverkiezingen.
872,CDA,2023-11-23,23,#2cc84d,5,CDA haalde 5 zetels in de Tweede Kamerverkiezingen.
873,CDA,2023-11-23,24,#2cc84d,5,CDA haalde 5 zetels in de Tweede Kamerverkiezingen.
874,CDA,2023-11-23,25,#2cc84d,5,CDA haalde 5 zetels in de Tweede Kamerverkiezingen.
875,CDA,2023-11-23,26,#2cc84d,5,CDA haalde 5 zetels in de Tweede Kamerverkiezingen.
876,CDA,2023-11-23,27,#2cc84d,5,CDA haalde 5 zetels in de Tweede Kamerverkiezingen.
877,SP,2023-11-23,28,#ea202d,5,SP haalde 5 zetels in de Tweede Kamerverkiezingen.
878,SP,2023-11-23,29,#ea202d,5,SP haalde 5 zetels in de Tweede Kamerverkiezingen.
879,SP,2023-11-23,30,#ea202d,5,SP haalde 5 zetels in de Tweede Kamerverkiezingen.
880,SP,2023-11-23,31,#ea202d,5,SP haalde 5 zetels in de Tweede Kamerverkiezingen.
881,SP,2023-11-23,32,#ea202d,5,SP haalde 5 zetels in de Tweede Kamerverkiezingen.
882,Denk,2023-11-23,33,#1db7b1,3,Denk haalde 3 zetels in de Tweede Kamerverkiezingen.
883,Denk,2023-11-23,34,#1db7b1,3,Denk haalde 3 zetels in de Tweede Kamerverkiezingen.
884,Denk,2023-11-23,35,#1db7b1,3,Denk haalde 3 zetels in de Tweede Kamerverkiezingen.
885,PvdD,2023-11-23,36,#0d733e,3,PvdD haalde 3 zetels in de Tweede Kamerverkiezingen.
886,PvdD,2023-11-23,37,#0d733e,3,PvdD haalde 3 zetels in de Tweede Kamerverkiezingen.
887,PvdD,2023-11-23,38,#0d733e,3,PvdD haalde 3 zetels in de Tweede Kamerverkiezingen.
888,FvD,2023-11-23,39,#950511,3,FvD haalde 3 zetels in de Tweede Kamerverkiezingen.
889,FvD,2023-11-23,40,#950511,3,FvD haalde 3 zetels in de Tweede Kamerverkiezingen.
890,FvD,2023-11-23,41,#950511,3,FvD haalde 3 zetels in de Tweede Kamerverkiezingen.
891,SGP,2023-11-23,42,#e65d23,3,SGP haalde 3 zetels in de Tweede Kamerverkiezingen.
892,SGP,2023-11-23,43,#e65d23,3,SGP haalde 3 zetels in de Tweede Kamerverkiezingen.
893,SGP,2023-11-23,44,#e65d23,3,SGP haalde 3 zetels in de Tweede Kamerverkiezingen.
894,CU,2023-11-23,45,#00A7EB,3,CU haalde 3 zetels in de Tweede Kamerverkiezingen.
895,CU,2023-11-23,46,#00A7EB,3,CU haalde 3 zetels in de Tweede Kamerverkiezingen.
896,CU,2023-11-23,47,#00A7EB,3,CU haalde 3 zetels in de Tweede Kamerverkiezingen.
897,Volt,2023-11-23,48,#3d1365,2,Volt haalde 2 zetels in de Tweede Kamerverkiezingen.
898,Volt,2023-11-23,49,#3d1365,2,Volt haalde 2 zetels in de Tweede Kamerverkiezingen.
899,JA21,2023-11-23,50,#1b1e45,1,JA21 haalde 1 zetels in de Tweede Kamerverkiezingen.
